
=== Orchestrating for Paris ===
Will run 108 partitions for Paris
Launching import partition: {"locations":[{"lat":48.8566,"lon":2.3522,"radius":3}],"minPrice":0,"maxPrice":200000}
(node:9780) [MONGOOSE] Warning: Duplicate schema index on {"land_value_num":1} found. This is often due to declaring an index using both "index: true" and "schema.index()". Please remove the duplicate index definition.
(Use `node --trace-warnings ...` to show where the warning was created)
(node:9780) [MONGOOSE] Warning: Duplicate schema index on {"lot1_surface_carrez_num":1} found. This is often due to declaring an index using both "index: true" and "schema.index()". Please remove the duplicate index definition.
(node:9780) [MONGODB DRIVER] Warning: useNewUrlParser is a deprecated option: useNewUrlParser has no effect since Node.js Driver version 4.0.0 and will be removed in the next major version
(node:9780) [MONGODB DRIVER] Warning: useUnifiedTopology is a deprecated option: useUnifiedTopology has no effect since Node.js Driver version 4.0.0 and will be removed in the next major version
Connected to DB
Starting full Paris import (radius 10km). This may take time.
Fetching page 1 (maxLength=1000)
No items returned on page 1 - import complete.
Import finished. Total processed: 0
Launching import partition: {"locations":[{"lat":48.8566,"lon":2.3522,"radius":3}],"minPrice":0,"maxPrice":200000}
(node:9785) [MONGOOSE] Warning: Duplicate schema index on {"land_value_num":1} found. This is often due to declaring an index using both "index: true" and "schema.index()". Please remove the duplicate index definition.
(Use `node --trace-warnings ...` to show where the warning was created)
(node:9785) [MONGOOSE] Warning: Duplicate schema index on {"lot1_surface_carrez_num":1} found. This is often due to declaring an index using both "index: true" and "schema.index()". Please remove the duplicate index definition.
(node:9785) [MONGODB DRIVER] Warning: useNewUrlParser is a deprecated option: useNewUrlParser has no effect since Node.js Driver version 4.0.0 and will be removed in the next major version
(node:9785) [MONGODB DRIVER] Warning: useUnifiedTopology is a deprecated option: useUnifiedTopology has no effect since Node.js Driver version 4.0.0 and will be removed in the next major version
Connected to DB
Starting full Paris import (radius 10km). This may take time.
Fetching page 1 (maxLength=1000)
No items returned on page 1 - import complete.
Import finished. Total processed: 0
Launching import partition: {"locations":[{"lat":48.8566,"lon":2.3522,"radius":3}],"minPrice":200001,"maxPrice":400000}
(node:9836) [MONGOOSE] Warning: Duplicate schema index on {"land_value_num":1} found. This is often due to declaring an index using both "index: true" and "schema.index()". Please remove the duplicate index definition.
(Use `node --trace-warnings ...` to show where the warning was created)
(node:9836) [MONGOOSE] Warning: Duplicate schema index on {"lot1_surface_carrez_num":1} found. This is often due to declaring an index using both "index: true" and "schema.index()". Please remove the duplicate index definition.
(node:9836) [MONGODB DRIVER] Warning: useNewUrlParser is a deprecated option: useNewUrlParser has no effect since Node.js Driver version 4.0.0 and will be removed in the next major version
(node:9836) [MONGODB DRIVER] Warning: useUnifiedTopology is a deprecated option: useUnifiedTopology has no effect since Node.js Driver version 4.0.0 and will be removed in the next major version
Connected to DB
Starting full Paris import (radius 10km). This may take time.
Fetching page 1 (maxLength=1000)
No items returned on page 1 - import complete.
Import finished. Total processed: 0
Launching import partition: {"locations":[{"lat":48.8566,"lon":2.3522,"radius":3}],"minPrice":200001,"maxPrice":400000}
(node:9941) [MONGOOSE] Warning: Duplicate schema index on {"land_value_num":1} found. This is often due to declaring an index using both "index: true" and "schema.index()". Please remove the duplicate index definition.
(Use `node --trace-warnings ...` to show where the warning was created)
(node:9941) [MONGOOSE] Warning: Duplicate schema index on {"lot1_surface_carrez_num":1} found. This is often due to declaring an index using both "index: true" and "schema.index()". Please remove the duplicate index definition.
(node:9941) [MONGODB DRIVER] Warning: useNewUrlParser is a deprecated option: useNewUrlParser has no effect since Node.js Driver version 4.0.0 and will be removed in the next major version
(node:9941) [MONGODB DRIVER] Warning: useUnifiedTopology is a deprecated option: useUnifiedTopology has no effect since Node.js Driver version 4.0.0 and will be removed in the next major version
Connected to DB
Starting full Paris import (radius 10km). This may take time.
Fetching page 1 (maxLength=1000)
No items returned on page 1 - import complete.
Import finished. Total processed: 0
Launching import partition: {"locations":[{"lat":48.8566,"lon":2.3522,"radius":3}],"minPrice":400001,"maxPrice":600000}
(node:9944) [MONGOOSE] Warning: Duplicate schema index on {"land_value_num":1} found. This is often due to declaring an index using both "index: true" and "schema.index()". Please remove the duplicate index definition.
(Use `node --trace-warnings ...` to show where the warning was created)
(node:9944) [MONGOOSE] Warning: Duplicate schema index on {"lot1_surface_carrez_num":1} found. This is often due to declaring an index using both "index: true" and "schema.index()". Please remove the duplicate index definition.
(node:9944) [MONGODB DRIVER] Warning: useNewUrlParser is a deprecated option: useNewUrlParser has no effect since Node.js Driver version 4.0.0 and will be removed in the next major version
(node:9944) [MONGODB DRIVER] Warning: useUnifiedTopology is a deprecated option: useUnifiedTopology has no effect since Node.js Driver version 4.0.0 and will be removed in the next major version
Connected to DB
Starting full Paris import (radius 10km). This may take time.
Fetching page 1 (maxLength=1000)
No items returned on page 1 - import complete.
Import finished. Total processed: 0
Launching import partition: {"locations":[{"lat":48.8566,"lon":2.3522,"radius":3}],"minPrice":400001,"maxPrice":600000}
(node:9952) [MONGOOSE] Warning: Duplicate schema index on {"land_value_num":1} found. This is often due to declaring an index using both "index: true" and "schema.index()". Please remove the duplicate index definition.
(Use `node --trace-warnings ...` to show where the warning was created)
(node:9952) [MONGOOSE] Warning: Duplicate schema index on {"lot1_surface_carrez_num":1} found. This is often due to declaring an index using both "index: true" and "schema.index()". Please remove the duplicate index definition.
(node:9952) [MONGODB DRIVER] Warning: useNewUrlParser is a deprecated option: useNewUrlParser has no effect since Node.js Driver version 4.0.0 and will be removed in the next major version
(node:9952) [MONGODB DRIVER] Warning: useUnifiedTopology is a deprecated option: useUnifiedTopology has no effect since Node.js Driver version 4.0.0 and will be removed in the next major version
Connected to DB
Starting full Paris import (radius 10km). This may take time.
Fetching page 1 (maxLength=1000)
No items returned on page 1 - import complete.
Import finished. Total processed: 0
Launching import partition: {"locations":[{"lat":48.8566,"lon":2.3522,"radius":3}],"minPrice":600001,"maxPrice":800000}
(node:9956) [MONGOOSE] Warning: Duplicate schema index on {"land_value_num":1} found. This is often due to declaring an index using both "index: true" and "schema.index()". Please remove the duplicate index definition.
(Use `node --trace-warnings ...` to show where the warning was created)
(node:9956) [MONGOOSE] Warning: Duplicate schema index on {"lot1_surface_carrez_num":1} found. This is often due to declaring an index using both "index: true" and "schema.index()". Please remove the duplicate index definition.
(node:9956) [MONGODB DRIVER] Warning: useNewUrlParser is a deprecated option: useNewUrlParser has no effect since Node.js Driver version 4.0.0 and will be removed in the next major version
(node:9956) [MONGODB DRIVER] Warning: useUnifiedTopology is a deprecated option: useUnifiedTopology has no effect since Node.js Driver version 4.0.0 and will be removed in the next major version
Connected to DB
Starting full Paris import (radius 10km). This may take time.
Fetching page 1 (maxLength=1000)
No items returned on page 1 - import complete.
Import finished. Total processed: 0
Launching import partition: {"locations":[{"lat":48.8566,"lon":2.3522,"radius":3}],"minPrice":600001,"maxPrice":800000}
(node:9959) [MONGOOSE] Warning: Duplicate schema index on {"land_value_num":1} found. This is often due to declaring an index using both "index: true" and "schema.index()". Please remove the duplicate index definition.
(Use `node --trace-warnings ...` to show where the warning was created)
(node:9959) [MONGOOSE] Warning: Duplicate schema index on {"lot1_surface_carrez_num":1} found. This is often due to declaring an index using both "index: true" and "schema.index()". Please remove the duplicate index definition.
(node:9959) [MONGODB DRIVER] Warning: useNewUrlParser is a deprecated option: useNewUrlParser has no effect since Node.js Driver version 4.0.0 and will be removed in the next major version
(node:9959) [MONGODB DRIVER] Warning: useUnifiedTopology is a deprecated option: useUnifiedTopology has no effect since Node.js Driver version 4.0.0 and will be removed in the next major version
Connected to DB
Starting full Paris import (radius 10km). This may take time.
Fetching page 1 (maxLength=1000)
No items returned on page 1 - import complete.
Import finished. Total processed: 0
Launching import partition: {"locations":[{"lat":48.8566,"lon":2.3522,"radius":3}],"minPrice":800001,"maxPrice":1000000}
(node:9962) [MONGOOSE] Warning: Duplicate schema index on {"land_value_num":1} found. This is often due to declaring an index using both "index: true" and "schema.index()". Please remove the duplicate index definition.
(Use `node --trace-warnings ...` to show where the warning was created)
(node:9962) [MONGOOSE] Warning: Duplicate schema index on {"lot1_surface_carrez_num":1} found. This is often due to declaring an index using both "index: true" and "schema.index()". Please remove the duplicate index definition.
(node:9962) [MONGODB DRIVER] Warning: useNewUrlParser is a deprecated option: useNewUrlParser has no effect since Node.js Driver version 4.0.0 and will be removed in the next major version
(node:9962) [MONGODB DRIVER] Warning: useUnifiedTopology is a deprecated option: useUnifiedTopology has no effect since Node.js Driver version 4.0.0 and will be removed in the next major version
Connected to DB
Starting full Paris import (radius 10km). This may take time.
Fetching page 1 (maxLength=1000)
No items returned on page 1 - import complete.
Import finished. Total processed: 0
Launching import partition: {"locations":[{"lat":48.8566,"lon":2.3522,"radius":3}],"minPrice":800001,"maxPrice":1000000}
(node:9965) [MONGOOSE] Warning: Duplicate schema index on {"land_value_num":1} found. This is often due to declaring an index using both "index: true" and "schema.index()". Please remove the duplicate index definition.
(Use `node --trace-warnings ...` to show where the warning was created)
(node:9965) [MONGOOSE] Warning: Duplicate schema index on {"lot1_surface_carrez_num":1} found. This is often due to declaring an index using both "index: true" and "schema.index()". Please remove the duplicate index definition.
(node:9965) [MONGODB DRIVER] Warning: useNewUrlParser is a deprecated option: useNewUrlParser has no effect since Node.js Driver version 4.0.0 and will be removed in the next major version
(node:9965) [MONGODB DRIVER] Warning: useUnifiedTopology is a deprecated option: useUnifiedTopology has no effect since Node.js Driver version 4.0.0 and will be removed in the next major version
Connected to DB
Starting full Paris import (radius 10km). This may take time.
Fetching page 1 (maxLength=1000)
No items returned on page 1 - import complete.
Import finished. Total processed: 0
Launching import partition: {"locations":[{"lat":48.8566,"lon":2.3522,"radius":3}],"minPrice":1000001,"maxPrice":5000000}
(node:9968) [MONGOOSE] Warning: Duplicate schema index on {"land_value_num":1} found. This is often due to declaring an index using both "index: true" and "schema.index()". Please remove the duplicate index definition.
(Use `node --trace-warnings ...` to show where the warning was created)
(node:9968) [MONGOOSE] Warning: Duplicate schema index on {"lot1_surface_carrez_num":1} found. This is often due to declaring an index using both "index: true" and "schema.index()". Please remove the duplicate index definition.
(node:9968) [MONGODB DRIVER] Warning: useNewUrlParser is a deprecated option: useNewUrlParser has no effect since Node.js Driver version 4.0.0 and will be removed in the next major version
(node:9968) [MONGODB DRIVER] Warning: useUnifiedTopology is a deprecated option: useUnifiedTopology has no effect since Node.js Driver version 4.0.0 and will be removed in the next major version
Connected to DB
Starting full Paris import (radius 10km). This may take time.
Fetching page 1 (maxLength=1000)
No items returned on page 1 - import complete.
Import finished. Total processed: 0
Launching import partition: {"locations":[{"lat":48.8566,"lon":2.3522,"radius":3}],"minPrice":1000001,"maxPrice":5000000}
(node:9971) [MONGOOSE] Warning: Duplicate schema index on {"land_value_num":1} found. This is often due to declaring an index using both "index: true" and "schema.index()". Please remove the duplicate index definition.
(Use `node --trace-warnings ...` to show where the warning was created)
(node:9971) [MONGOOSE] Warning: Duplicate schema index on {"lot1_surface_carrez_num":1} found. This is often due to declaring an index using both "index: true" and "schema.index()". Please remove the duplicate index definition.
(node:9971) [MONGODB DRIVER] Warning: useNewUrlParser is a deprecated option: useNewUrlParser has no effect since Node.js Driver version 4.0.0 and will be removed in the next major version
(node:9971) [MONGODB DRIVER] Warning: useUnifiedTopology is a deprecated option: useUnifiedTopology has no effect since Node.js Driver version 4.0.0 and will be removed in the next major version
Connected to DB
Starting full Paris import (radius 10km). This may take time.
Fetching page 1 (maxLength=1000)
No items returned on page 1 - import complete.
Import finished. Total processed: 0
Launching import partition: {"locations":[{"lat":48.866,"lon":2.332,"radius":3}],"minPrice":0,"maxPrice":200000}
(node:9974) [MONGOOSE] Warning: Duplicate schema index on {"land_value_num":1} found. This is often due to declaring an index using both "index: true" and "schema.index()". Please remove the duplicate index definition.
(Use `node --trace-warnings ...` to show where the warning was created)
(node:9974) [MONGOOSE] Warning: Duplicate schema index on {"lot1_surface_carrez_num":1} found. This is often due to declaring an index using both "index: true" and "schema.index()". Please remove the duplicate index definition.
(node:9974) [MONGODB DRIVER] Warning: useNewUrlParser is a deprecated option: useNewUrlParser has no effect since Node.js Driver version 4.0.0 and will be removed in the next major version
(node:9974) [MONGODB DRIVER] Warning: useUnifiedTopology is a deprecated option: useUnifiedTopology has no effect since Node.js Driver version 4.0.0 and will be removed in the next major version
Connected to DB
Starting full Paris import (radius 10km). This may take time.
Fetching page 1 (maxLength=1000)
No items returned on page 1 - import complete.
Import finished. Total processed: 0
Launching import partition: {"locations":[{"lat":48.866,"lon":2.332,"radius":3}],"minPrice":0,"maxPrice":200000}
(node:9978) [MONGOOSE] Warning: Duplicate schema index on {"land_value_num":1} found. This is often due to declaring an index using both "index: true" and "schema.index()". Please remove the duplicate index definition.
(Use `node --trace-warnings ...` to show where the warning was created)
(node:9978) [MONGOOSE] Warning: Duplicate schema index on {"lot1_surface_carrez_num":1} found. This is often due to declaring an index using both "index: true" and "schema.index()". Please remove the duplicate index definition.
(node:9978) [MONGODB DRIVER] Warning: useNewUrlParser is a deprecated option: useNewUrlParser has no effect since Node.js Driver version 4.0.0 and will be removed in the next major version
(node:9978) [MONGODB DRIVER] Warning: useUnifiedTopology is a deprecated option: useUnifiedTopology has no effect since Node.js Driver version 4.0.0 and will be removed in the next major version
Connected to DB
Starting full Paris import (radius 10km). This may take time.
Fetching page 1 (maxLength=1000)
No items returned on page 1 - import complete.
Import finished. Total processed: 0
Launching import partition: {"locations":[{"lat":48.866,"lon":2.332,"radius":3}],"minPrice":200001,"maxPrice":400000}
(node:9981) [MONGOOSE] Warning: Duplicate schema index on {"land_value_num":1} found. This is often due to declaring an index using both "index: true" and "schema.index()". Please remove the duplicate index definition.
(Use `node --trace-warnings ...` to show where the warning was created)
(node:9981) [MONGOOSE] Warning: Duplicate schema index on {"lot1_surface_carrez_num":1} found. This is often due to declaring an index using both "index: true" and "schema.index()". Please remove the duplicate index definition.
(node:9981) [MONGODB DRIVER] Warning: useNewUrlParser is a deprecated option: useNewUrlParser has no effect since Node.js Driver version 4.0.0 and will be removed in the next major version
(node:9981) [MONGODB DRIVER] Warning: useUnifiedTopology is a deprecated option: useUnifiedTopology has no effect since Node.js Driver version 4.0.0 and will be removed in the next major version
Connected to DB
Starting full Paris import (radius 10km). This may take time.
Fetching page 1 (maxLength=1000)
No items returned on page 1 - import complete.
Import finished. Total processed: 0
Launching import partition: {"locations":[{"lat":48.866,"lon":2.332,"radius":3}],"minPrice":200001,"maxPrice":400000}
(node:9984) [MONGOOSE] Warning: Duplicate schema index on {"land_value_num":1} found. This is often due to declaring an index using both "index: true" and "schema.index()". Please remove the duplicate index definition.
(Use `node --trace-warnings ...` to show where the warning was created)
(node:9984) [MONGOOSE] Warning: Duplicate schema index on {"lot1_surface_carrez_num":1} found. This is often due to declaring an index using both "index: true" and "schema.index()". Please remove the duplicate index definition.
(node:9984) [MONGODB DRIVER] Warning: useNewUrlParser is a deprecated option: useNewUrlParser has no effect since Node.js Driver version 4.0.0 and will be removed in the next major version
(node:9984) [MONGODB DRIVER] Warning: useUnifiedTopology is a deprecated option: useUnifiedTopology has no effect since Node.js Driver version 4.0.0 and will be removed in the next major version
Connected to DB
Starting full Paris import (radius 10km). This may take time.
Fetching page 1 (maxLength=1000)
No items returned on page 1 - import complete.
Import finished. Total processed: 0
Launching import partition: {"locations":[{"lat":48.866,"lon":2.332,"radius":3}],"minPrice":400001,"maxPrice":600000}
(node:9987) [MONGOOSE] Warning: Duplicate schema index on {"land_value_num":1} found. This is often due to declaring an index using both "index: true" and "schema.index()". Please remove the duplicate index definition.
(Use `node --trace-warnings ...` to show where the warning was created)
(node:9987) [MONGOOSE] Warning: Duplicate schema index on {"lot1_surface_carrez_num":1} found. This is often due to declaring an index using both "index: true" and "schema.index()". Please remove the duplicate index definition.
(node:9987) [MONGODB DRIVER] Warning: useNewUrlParser is a deprecated option: useNewUrlParser has no effect since Node.js Driver version 4.0.0 and will be removed in the next major version
(node:9987) [MONGODB DRIVER] Warning: useUnifiedTopology is a deprecated option: useUnifiedTopology has no effect since Node.js Driver version 4.0.0 and will be removed in the next major version
Connected to DB
Starting full Paris import (radius 10km). This may take time.
Fetching page 1 (maxLength=1000)
No items returned on page 1 - import complete.
Import finished. Total processed: 0
Launching import partition: {"locations":[{"lat":48.866,"lon":2.332,"radius":3}],"minPrice":400001,"maxPrice":600000}
(node:9990) [MONGOOSE] Warning: Duplicate schema index on {"land_value_num":1} found. This is often due to declaring an index using both "index: true" and "schema.index()". Please remove the duplicate index definition.
(Use `node --trace-warnings ...` to show where the warning was created)
(node:9990) [MONGOOSE] Warning: Duplicate schema index on {"lot1_surface_carrez_num":1} found. This is often due to declaring an index using both "index: true" and "schema.index()". Please remove the duplicate index definition.
(node:9990) [MONGODB DRIVER] Warning: useNewUrlParser is a deprecated option: useNewUrlParser has no effect since Node.js Driver version 4.0.0 and will be removed in the next major version
(node:9990) [MONGODB DRIVER] Warning: useUnifiedTopology is a deprecated option: useUnifiedTopology has no effect since Node.js Driver version 4.0.0 and will be removed in the next major version
Connected to DB
Starting full Paris import (radius 10km). This may take time.
Fetching page 1 (maxLength=1000)
No items returned on page 1 - import complete.
Import finished. Total processed: 0
Launching import partition: {"locations":[{"lat":48.866,"lon":2.332,"radius":3}],"minPrice":600001,"maxPrice":800000}
(node:9993) [MONGOOSE] Warning: Duplicate schema index on {"land_value_num":1} found. This is often due to declaring an index using both "index: true" and "schema.index()". Please remove the duplicate index definition.
(Use `node --trace-warnings ...` to show where the warning was created)
(node:9993) [MONGOOSE] Warning: Duplicate schema index on {"lot1_surface_carrez_num":1} found. This is often due to declaring an index using both "index: true" and "schema.index()". Please remove the duplicate index definition.
(node:9993) [MONGODB DRIVER] Warning: useNewUrlParser is a deprecated option: useNewUrlParser has no effect since Node.js Driver version 4.0.0 and will be removed in the next major version
(node:9993) [MONGODB DRIVER] Warning: useUnifiedTopology is a deprecated option: useUnifiedTopology has no effect since Node.js Driver version 4.0.0 and will be removed in the next major version
Connected to DB
Starting full Paris import (radius 10km). This may take time.
Fetching page 1 (maxLength=1000)
No items returned on page 1 - import complete.
Import finished. Total processed: 0
Launching import partition: {"locations":[{"lat":48.866,"lon":2.332,"radius":3}],"minPrice":600001,"maxPrice":800000}
(node:9996) [MONGOOSE] Warning: Duplicate schema index on {"land_value_num":1} found. This is often due to declaring an index using both "index: true" and "schema.index()". Please remove the duplicate index definition.
(Use `node --trace-warnings ...` to show where the warning was created)
(node:9996) [MONGOOSE] Warning: Duplicate schema index on {"lot1_surface_carrez_num":1} found. This is often due to declaring an index using both "index: true" and "schema.index()". Please remove the duplicate index definition.
(node:9996) [MONGODB DRIVER] Warning: useNewUrlParser is a deprecated option: useNewUrlParser has no effect since Node.js Driver version 4.0.0 and will be removed in the next major version
(node:9996) [MONGODB DRIVER] Warning: useUnifiedTopology is a deprecated option: useUnifiedTopology has no effect since Node.js Driver version 4.0.0 and will be removed in the next major version
Connected to DB
Starting full Paris import (radius 10km). This may take time.
Fetching page 1 (maxLength=1000)
No items returned on page 1 - import complete.
Import finished. Total processed: 0
Launching import partition: {"locations":[{"lat":48.866,"lon":2.332,"radius":3}],"minPrice":800001,"maxPrice":1000000}
(node:9999) [MONGOOSE] Warning: Duplicate schema index on {"land_value_num":1} found. This is often due to declaring an index using both "index: true" and "schema.index()". Please remove the duplicate index definition.
(Use `node --trace-warnings ...` to show where the warning was created)
(node:9999) [MONGOOSE] Warning: Duplicate schema index on {"lot1_surface_carrez_num":1} found. This is often due to declaring an index using both "index: true" and "schema.index()". Please remove the duplicate index definition.
(node:9999) [MONGODB DRIVER] Warning: useNewUrlParser is a deprecated option: useNewUrlParser has no effect since Node.js Driver version 4.0.0 and will be removed in the next major version
(node:9999) [MONGODB DRIVER] Warning: useUnifiedTopology is a deprecated option: useUnifiedTopology has no effect since Node.js Driver version 4.0.0 and will be removed in the next major version
Connected to DB
Starting full Paris import (radius 10km). This may take time.
Fetching page 1 (maxLength=1000)
No items returned on page 1 - import complete.
Import finished. Total processed: 0
Launching import partition: {"locations":[{"lat":48.866,"lon":2.332,"radius":3}],"minPrice":800001,"maxPrice":1000000}
(node:10002) [MONGOOSE] Warning: Duplicate schema index on {"land_value_num":1} found. This is often due to declaring an index using both "index: true" and "schema.index()". Please remove the duplicate index definition.
(Use `node --trace-warnings ...` to show where the warning was created)
(node:10002) [MONGOOSE] Warning: Duplicate schema index on {"lot1_surface_carrez_num":1} found. This is often due to declaring an index using both "index: true" and "schema.index()". Please remove the duplicate index definition.
(node:10002) [MONGODB DRIVER] Warning: useNewUrlParser is a deprecated option: useNewUrlParser has no effect since Node.js Driver version 4.0.0 and will be removed in the next major version
(node:10002) [MONGODB DRIVER] Warning: useUnifiedTopology is a deprecated option: useUnifiedTopology has no effect since Node.js Driver version 4.0.0 and will be removed in the next major version
Connected to DB
Starting full Paris import (radius 10km). This may take time.
Fetching page 1 (maxLength=1000)
No items returned on page 1 - import complete.
Import finished. Total processed: 0
Launching import partition: {"locations":[{"lat":48.866,"lon":2.332,"radius":3}],"minPrice":1000001,"maxPrice":5000000}
(node:10005) [MONGOOSE] Warning: Duplicate schema index on {"land_value_num":1} found. This is often due to declaring an index using both "index: true" and "schema.index()". Please remove the duplicate index definition.
(Use `node --trace-warnings ...` to show where the warning was created)
(node:10005) [MONGOOSE] Warning: Duplicate schema index on {"lot1_surface_carrez_num":1} found. This is often due to declaring an index using both "index: true" and "schema.index()". Please remove the duplicate index definition.
(node:10005) [MONGODB DRIVER] Warning: useNewUrlParser is a deprecated option: useNewUrlParser has no effect since Node.js Driver version 4.0.0 and will be removed in the next major version
(node:10005) [MONGODB DRIVER] Warning: useUnifiedTopology is a deprecated option: useUnifiedTopology has no effect since Node.js Driver version 4.0.0 and will be removed in the next major version
Connected to DB
Starting full Paris import (radius 10km). This may take time.
Fetching page 1 (maxLength=1000)
No items returned on page 1 - import complete.
Import finished. Total processed: 0
Launching import partition: {"locations":[{"lat":48.866,"lon":2.332,"radius":3}],"minPrice":1000001,"maxPrice":5000000}
(node:10008) [MONGOOSE] Warning: Duplicate schema index on {"land_value_num":1} found. This is often due to declaring an index using both "index: true" and "schema.index()". Please remove the duplicate index definition.
(Use `node --trace-warnings ...` to show where the warning was created)
(node:10008) [MONGOOSE] Warning: Duplicate schema index on {"lot1_surface_carrez_num":1} found. This is often due to declaring an index using both "index: true" and "schema.index()". Please remove the duplicate index definition.
(node:10008) [MONGODB DRIVER] Warning: useNewUrlParser is a deprecated option: useNewUrlParser has no effect since Node.js Driver version 4.0.0 and will be removed in the next major version
(node:10008) [MONGODB DRIVER] Warning: useUnifiedTopology is a deprecated option: useUnifiedTopology has no effect since Node.js Driver version 4.0.0 and will be removed in the next major version
Connected to DB
Starting full Paris import (radius 10km). This may take time.
Fetching page 1 (maxLength=1000)
No items returned on page 1 - import complete.
Import finished. Total processed: 0
Launching import partition: {"locations":[{"lat":48.846,"lon":2.372,"radius":3}],"minPrice":0,"maxPrice":200000}
(node:10011) [MONGOOSE] Warning: Duplicate schema index on {"land_value_num":1} found. This is often due to declaring an index using both "index: true" and "schema.index()". Please remove the duplicate index definition.
(Use `node --trace-warnings ...` to show where the warning was created)
(node:10011) [MONGOOSE] Warning: Duplicate schema index on {"lot1_surface_carrez_num":1} found. This is often due to declaring an index using both "index: true" and "schema.index()". Please remove the duplicate index definition.
(node:10011) [MONGODB DRIVER] Warning: useNewUrlParser is a deprecated option: useNewUrlParser has no effect since Node.js Driver version 4.0.0 and will be removed in the next major version
(node:10011) [MONGODB DRIVER] Warning: useUnifiedTopology is a deprecated option: useUnifiedTopology has no effect since Node.js Driver version 4.0.0 and will be removed in the next major version
Connected to DB
Starting full Paris import (radius 10km). This may take time.
Fetching page 1 (maxLength=1000)
No items returned on page 1 - import complete.
Import finished. Total processed: 0
Launching import partition: {"locations":[{"lat":48.846,"lon":2.372,"radius":3}],"minPrice":0,"maxPrice":200000}
(node:10014) [MONGOOSE] Warning: Duplicate schema index on {"land_value_num":1} found. This is often due to declaring an index using both "index: true" and "schema.index()". Please remove the duplicate index definition.
(Use `node --trace-warnings ...` to show where the warning was created)
(node:10014) [MONGOOSE] Warning: Duplicate schema index on {"lot1_surface_carrez_num":1} found. This is often due to declaring an index using both "index: true" and "schema.index()". Please remove the duplicate index definition.
(node:10014) [MONGODB DRIVER] Warning: useNewUrlParser is a deprecated option: useNewUrlParser has no effect since Node.js Driver version 4.0.0 and will be removed in the next major version
(node:10014) [MONGODB DRIVER] Warning: useUnifiedTopology is a deprecated option: useUnifiedTopology has no effect since Node.js Driver version 4.0.0 and will be removed in the next major version
Connected to DB
Starting full Paris import (radius 10km). This may take time.
Fetching page 1 (maxLength=1000)
No items returned on page 1 - import complete.
Import finished. Total processed: 0
Launching import partition: {"locations":[{"lat":48.846,"lon":2.372,"radius":3}],"minPrice":200001,"maxPrice":400000}
(node:10017) [MONGOOSE] Warning: Duplicate schema index on {"land_value_num":1} found. This is often due to declaring an index using both "index: true" and "schema.index()". Please remove the duplicate index definition.
(Use `node --trace-warnings ...` to show where the warning was created)
(node:10017) [MONGOOSE] Warning: Duplicate schema index on {"lot1_surface_carrez_num":1} found. This is often due to declaring an index using both "index: true" and "schema.index()". Please remove the duplicate index definition.
(node:10017) [MONGODB DRIVER] Warning: useNewUrlParser is a deprecated option: useNewUrlParser has no effect since Node.js Driver version 4.0.0 and will be removed in the next major version
(node:10017) [MONGODB DRIVER] Warning: useUnifiedTopology is a deprecated option: useUnifiedTopology has no effect since Node.js Driver version 4.0.0 and will be removed in the next major version
Connected to DB
Starting full Paris import (radius 10km). This may take time.
Fetching page 1 (maxLength=1000)
No items returned on page 1 - import complete.
Import finished. Total processed: 0
Launching import partition: {"locations":[{"lat":48.846,"lon":2.372,"radius":3}],"minPrice":200001,"maxPrice":400000}
(node:10020) [MONGOOSE] Warning: Duplicate schema index on {"land_value_num":1} found. This is often due to declaring an index using both "index: true" and "schema.index()". Please remove the duplicate index definition.
(Use `node --trace-warnings ...` to show where the warning was created)
(node:10020) [MONGOOSE] Warning: Duplicate schema index on {"lot1_surface_carrez_num":1} found. This is often due to declaring an index using both "index: true" and "schema.index()". Please remove the duplicate index definition.
(node:10020) [MONGODB DRIVER] Warning: useNewUrlParser is a deprecated option: useNewUrlParser has no effect since Node.js Driver version 4.0.0 and will be removed in the next major version
(node:10020) [MONGODB DRIVER] Warning: useUnifiedTopology is a deprecated option: useUnifiedTopology has no effect since Node.js Driver version 4.0.0 and will be removed in the next major version
Connected to DB
Starting full Paris import (radius 10km). This may take time.
Fetching page 1 (maxLength=1000)
No items returned on page 1 - import complete.
Import finished. Total processed: 0
Launching import partition: {"locations":[{"lat":48.846,"lon":2.372,"radius":3}],"minPrice":400001,"maxPrice":600000}
(node:10023) [MONGOOSE] Warning: Duplicate schema index on {"land_value_num":1} found. This is often due to declaring an index using both "index: true" and "schema.index()". Please remove the duplicate index definition.
(Use `node --trace-warnings ...` to show where the warning was created)
(node:10023) [MONGOOSE] Warning: Duplicate schema index on {"lot1_surface_carrez_num":1} found. This is often due to declaring an index using both "index: true" and "schema.index()". Please remove the duplicate index definition.
(node:10023) [MONGODB DRIVER] Warning: useNewUrlParser is a deprecated option: useNewUrlParser has no effect since Node.js Driver version 4.0.0 and will be removed in the next major version
(node:10023) [MONGODB DRIVER] Warning: useUnifiedTopology is a deprecated option: useUnifiedTopology has no effect since Node.js Driver version 4.0.0 and will be removed in the next major version
Connected to DB
Starting full Paris import (radius 10km). This may take time.
Fetching page 1 (maxLength=1000)
No items returned on page 1 - import complete.
Import finished. Total processed: 0
Launching import partition: {"locations":[{"lat":48.846,"lon":2.372,"radius":3}],"minPrice":400001,"maxPrice":600000}
(node:10026) [MONGOOSE] Warning: Duplicate schema index on {"land_value_num":1} found. This is often due to declaring an index using both "index: true" and "schema.index()". Please remove the duplicate index definition.
(Use `node --trace-warnings ...` to show where the warning was created)
(node:10026) [MONGOOSE] Warning: Duplicate schema index on {"lot1_surface_carrez_num":1} found. This is often due to declaring an index using both "index: true" and "schema.index()". Please remove the duplicate index definition.
(node:10026) [MONGODB DRIVER] Warning: useNewUrlParser is a deprecated option: useNewUrlParser has no effect since Node.js Driver version 4.0.0 and will be removed in the next major version
(node:10026) [MONGODB DRIVER] Warning: useUnifiedTopology is a deprecated option: useUnifiedTopology has no effect since Node.js Driver version 4.0.0 and will be removed in the next major version
Connected to DB
Starting full Paris import (radius 10km). This may take time.
Fetching page 1 (maxLength=1000)
No items returned on page 1 - import complete.
Import finished. Total processed: 0
Launching import partition: {"locations":[{"lat":48.846,"lon":2.372,"radius":3}],"minPrice":600001,"maxPrice":800000}
(node:10029) [MONGOOSE] Warning: Duplicate schema index on {"land_value_num":1} found. This is often due to declaring an index using both "index: true" and "schema.index()". Please remove the duplicate index definition.
(Use `node --trace-warnings ...` to show where the warning was created)
(node:10029) [MONGOOSE] Warning: Duplicate schema index on {"lot1_surface_carrez_num":1} found. This is often due to declaring an index using both "index: true" and "schema.index()". Please remove the duplicate index definition.
(node:10029) [MONGODB DRIVER] Warning: useNewUrlParser is a deprecated option: useNewUrlParser has no effect since Node.js Driver version 4.0.0 and will be removed in the next major version
(node:10029) [MONGODB DRIVER] Warning: useUnifiedTopology is a deprecated option: useUnifiedTopology has no effect since Node.js Driver version 4.0.0 and will be removed in the next major version
Connected to DB
Starting full Paris import (radius 10km). This may take time.
Fetching page 1 (maxLength=1000)
No items returned on page 1 - import complete.
Import finished. Total processed: 0
Launching import partition: {"locations":[{"lat":48.846,"lon":2.372,"radius":3}],"minPrice":600001,"maxPrice":800000}
(node:10032) [MONGOOSE] Warning: Duplicate schema index on {"land_value_num":1} found. This is often due to declaring an index using both "index: true" and "schema.index()". Please remove the duplicate index definition.
(Use `node --trace-warnings ...` to show where the warning was created)
(node:10032) [MONGOOSE] Warning: Duplicate schema index on {"lot1_surface_carrez_num":1} found. This is often due to declaring an index using both "index: true" and "schema.index()". Please remove the duplicate index definition.
(node:10032) [MONGODB DRIVER] Warning: useNewUrlParser is a deprecated option: useNewUrlParser has no effect since Node.js Driver version 4.0.0 and will be removed in the next major version
(node:10032) [MONGODB DRIVER] Warning: useUnifiedTopology is a deprecated option: useUnifiedTopology has no effect since Node.js Driver version 4.0.0 and will be removed in the next major version
Connected to DB
Starting full Paris import (radius 10km). This may take time.
Fetching page 1 (maxLength=1000)
No items returned on page 1 - import complete.
Import finished. Total processed: 0
Launching import partition: {"locations":[{"lat":48.846,"lon":2.372,"radius":3}],"minPrice":800001,"maxPrice":1000000}
(node:10035) [MONGOOSE] Warning: Duplicate schema index on {"land_value_num":1} found. This is often due to declaring an index using both "index: true" and "schema.index()". Please remove the duplicate index definition.
(Use `node --trace-warnings ...` to show where the warning was created)
(node:10035) [MONGOOSE] Warning: Duplicate schema index on {"lot1_surface_carrez_num":1} found. This is often due to declaring an index using both "index: true" and "schema.index()". Please remove the duplicate index definition.
(node:10035) [MONGODB DRIVER] Warning: useNewUrlParser is a deprecated option: useNewUrlParser has no effect since Node.js Driver version 4.0.0 and will be removed in the next major version
(node:10035) [MONGODB DRIVER] Warning: useUnifiedTopology is a deprecated option: useUnifiedTopology has no effect since Node.js Driver version 4.0.0 and will be removed in the next major version
Connected to DB
Starting full Paris import (radius 10km). This may take time.
Fetching page 1 (maxLength=1000)
No items returned on page 1 - import complete.
Import finished. Total processed: 0
Launching import partition: {"locations":[{"lat":48.846,"lon":2.372,"radius":3}],"minPrice":800001,"maxPrice":1000000}
(node:10038) [MONGOOSE] Warning: Duplicate schema index on {"land_value_num":1} found. This is often due to declaring an index using both "index: true" and "schema.index()". Please remove the duplicate index definition.
(Use `node --trace-warnings ...` to show where the warning was created)
(node:10038) [MONGOOSE] Warning: Duplicate schema index on {"lot1_surface_carrez_num":1} found. This is often due to declaring an index using both "index: true" and "schema.index()". Please remove the duplicate index definition.
(node:10038) [MONGODB DRIVER] Warning: useNewUrlParser is a deprecated option: useNewUrlParser has no effect since Node.js Driver version 4.0.0 and will be removed in the next major version
(node:10038) [MONGODB DRIVER] Warning: useUnifiedTopology is a deprecated option: useUnifiedTopology has no effect since Node.js Driver version 4.0.0 and will be removed in the next major version
Connected to DB
Starting full Paris import (radius 10km). This may take time.
Fetching page 1 (maxLength=1000)
No items returned on page 1 - import complete.
Import finished. Total processed: 0
Launching import partition: {"locations":[{"lat":48.846,"lon":2.372,"radius":3}],"minPrice":1000001,"maxPrice":5000000}
(node:10041) [MONGOOSE] Warning: Duplicate schema index on {"land_value_num":1} found. This is often due to declaring an index using both "index: true" and "schema.index()". Please remove the duplicate index definition.
(Use `node --trace-warnings ...` to show where the warning was created)
(node:10041) [MONGOOSE] Warning: Duplicate schema index on {"lot1_surface_carrez_num":1} found. This is often due to declaring an index using both "index: true" and "schema.index()". Please remove the duplicate index definition.
(node:10041) [MONGODB DRIVER] Warning: useNewUrlParser is a deprecated option: useNewUrlParser has no effect since Node.js Driver version 4.0.0 and will be removed in the next major version
(node:10041) [MONGODB DRIVER] Warning: useUnifiedTopology is a deprecated option: useUnifiedTopology has no effect since Node.js Driver version 4.0.0 and will be removed in the next major version
Connected to DB
Starting full Paris import (radius 10km). This may take time.
Fetching page 1 (maxLength=1000)
No items returned on page 1 - import complete.
Import finished. Total processed: 0
Launching import partition: {"locations":[{"lat":48.846,"lon":2.372,"radius":3}],"minPrice":1000001,"maxPrice":5000000}
(node:10044) [MONGOOSE] Warning: Duplicate schema index on {"land_value_num":1} found. This is often due to declaring an index using both "index: true" and "schema.index()". Please remove the duplicate index definition.
(Use `node --trace-warnings ...` to show where the warning was created)
(node:10044) [MONGOOSE] Warning: Duplicate schema index on {"lot1_surface_carrez_num":1} found. This is often due to declaring an index using both "index: true" and "schema.index()". Please remove the duplicate index definition.
(node:10044) [MONGODB DRIVER] Warning: useNewUrlParser is a deprecated option: useNewUrlParser has no effect since Node.js Driver version 4.0.0 and will be removed in the next major version
(node:10044) [MONGODB DRIVER] Warning: useUnifiedTopology is a deprecated option: useUnifiedTopology has no effect since Node.js Driver version 4.0.0 and will be removed in the next major version
Connected to DB
Starting full Paris import (radius 10km). This may take time.
Fetching page 1 (maxLength=1000)
No items returned on page 1 - import complete.
Import finished. Total processed: 0
Launching import partition: {"locations":[{"lat":48.876,"lon":2.362,"radius":3}],"minPrice":0,"maxPrice":200000}
(node:10047) [MONGOOSE] Warning: Duplicate schema index on {"land_value_num":1} found. This is often due to declaring an index using both "index: true" and "schema.index()". Please remove the duplicate index definition.
(Use `node --trace-warnings ...` to show where the warning was created)
(node:10047) [MONGOOSE] Warning: Duplicate schema index on {"lot1_surface_carrez_num":1} found. This is often due to declaring an index using both "index: true" and "schema.index()". Please remove the duplicate index definition.
(node:10047) [MONGODB DRIVER] Warning: useNewUrlParser is a deprecated option: useNewUrlParser has no effect since Node.js Driver version 4.0.0 and will be removed in the next major version
(node:10047) [MONGODB DRIVER] Warning: useUnifiedTopology is a deprecated option: useUnifiedTopology has no effect since Node.js Driver version 4.0.0 and will be removed in the next major version
Connected to DB
Starting full Paris import (radius 10km). This may take time.
Fetching page 1 (maxLength=1000)
No items returned on page 1 - import complete.
Import finished. Total processed: 0
Launching import partition: {"locations":[{"lat":48.876,"lon":2.362,"radius":3}],"minPrice":0,"maxPrice":200000}
(node:10050) [MONGOOSE] Warning: Duplicate schema index on {"land_value_num":1} found. This is often due to declaring an index using both "index: true" and "schema.index()". Please remove the duplicate index definition.
(Use `node --trace-warnings ...` to show where the warning was created)
(node:10050) [MONGOOSE] Warning: Duplicate schema index on {"lot1_surface_carrez_num":1} found. This is often due to declaring an index using both "index: true" and "schema.index()". Please remove the duplicate index definition.
(node:10050) [MONGODB DRIVER] Warning: useNewUrlParser is a deprecated option: useNewUrlParser has no effect since Node.js Driver version 4.0.0 and will be removed in the next major version
(node:10050) [MONGODB DRIVER] Warning: useUnifiedTopology is a deprecated option: useUnifiedTopology has no effect since Node.js Driver version 4.0.0 and will be removed in the next major version
Connected to DB
Starting full Paris import (radius 10km). This may take time.
Fetching page 1 (maxLength=1000)
No items returned on page 1 - import complete.
Import finished. Total processed: 0
Launching import partition: {"locations":[{"lat":48.876,"lon":2.362,"radius":3}],"minPrice":200001,"maxPrice":400000}
(node:10053) [MONGOOSE] Warning: Duplicate schema index on {"land_value_num":1} found. This is often due to declaring an index using both "index: true" and "schema.index()". Please remove the duplicate index definition.
(Use `node --trace-warnings ...` to show where the warning was created)
(node:10053) [MONGOOSE] Warning: Duplicate schema index on {"lot1_surface_carrez_num":1} found. This is often due to declaring an index using both "index: true" and "schema.index()". Please remove the duplicate index definition.
(node:10053) [MONGODB DRIVER] Warning: useNewUrlParser is a deprecated option: useNewUrlParser has no effect since Node.js Driver version 4.0.0 and will be removed in the next major version
(node:10053) [MONGODB DRIVER] Warning: useUnifiedTopology is a deprecated option: useUnifiedTopology has no effect since Node.js Driver version 4.0.0 and will be removed in the next major version
Connected to DB
Starting full Paris import (radius 10km). This may take time.
Fetching page 1 (maxLength=1000)
No items returned on page 1 - import complete.
Import finished. Total processed: 0
Launching import partition: {"locations":[{"lat":48.876,"lon":2.362,"radius":3}],"minPrice":200001,"maxPrice":400000}
(node:10056) [MONGOOSE] Warning: Duplicate schema index on {"land_value_num":1} found. This is often due to declaring an index using both "index: true" and "schema.index()". Please remove the duplicate index definition.
(Use `node --trace-warnings ...` to show where the warning was created)
(node:10056) [MONGOOSE] Warning: Duplicate schema index on {"lot1_surface_carrez_num":1} found. This is often due to declaring an index using both "index: true" and "schema.index()". Please remove the duplicate index definition.
(node:10056) [MONGODB DRIVER] Warning: useNewUrlParser is a deprecated option: useNewUrlParser has no effect since Node.js Driver version 4.0.0 and will be removed in the next major version
(node:10056) [MONGODB DRIVER] Warning: useUnifiedTopology is a deprecated option: useUnifiedTopology has no effect since Node.js Driver version 4.0.0 and will be removed in the next major version
Connected to DB
Starting full Paris import (radius 10km). This may take time.
Fetching page 1 (maxLength=1000)
No items returned on page 1 - import complete.
Import finished. Total processed: 0
Launching import partition: {"locations":[{"lat":48.876,"lon":2.362,"radius":3}],"minPrice":400001,"maxPrice":600000}
(node:10059) [MONGOOSE] Warning: Duplicate schema index on {"land_value_num":1} found. This is often due to declaring an index using both "index: true" and "schema.index()". Please remove the duplicate index definition.
(Use `node --trace-warnings ...` to show where the warning was created)
(node:10059) [MONGOOSE] Warning: Duplicate schema index on {"lot1_surface_carrez_num":1} found. This is often due to declaring an index using both "index: true" and "schema.index()". Please remove the duplicate index definition.
(node:10059) [MONGODB DRIVER] Warning: useNewUrlParser is a deprecated option: useNewUrlParser has no effect since Node.js Driver version 4.0.0 and will be removed in the next major version
(node:10059) [MONGODB DRIVER] Warning: useUnifiedTopology is a deprecated option: useUnifiedTopology has no effect since Node.js Driver version 4.0.0 and will be removed in the next major version
Connected to DB
Starting full Paris import (radius 10km). This may take time.
Fetching page 1 (maxLength=1000)
No items returned on page 1 - import complete.
Import finished. Total processed: 0
Launching import partition: {"locations":[{"lat":48.876,"lon":2.362,"radius":3}],"minPrice":400001,"maxPrice":600000}
(node:10064) [MONGOOSE] Warning: Duplicate schema index on {"land_value_num":1} found. This is often due to declaring an index using both "index: true" and "schema.index()". Please remove the duplicate index definition.
(Use `node --trace-warnings ...` to show where the warning was created)
(node:10064) [MONGOOSE] Warning: Duplicate schema index on {"lot1_surface_carrez_num":1} found. This is often due to declaring an index using both "index: true" and "schema.index()". Please remove the duplicate index definition.
(node:10064) [MONGODB DRIVER] Warning: useNewUrlParser is a deprecated option: useNewUrlParser has no effect since Node.js Driver version 4.0.0 and will be removed in the next major version
(node:10064) [MONGODB DRIVER] Warning: useUnifiedTopology is a deprecated option: useUnifiedTopology has no effect since Node.js Driver version 4.0.0 and will be removed in the next major version
Connected to DB
Starting full Paris import (radius 10km). This may take time.
Fetching page 1 (maxLength=1000)
No items returned on page 1 - import complete.
Import finished. Total processed: 0
Launching import partition: {"locations":[{"lat":48.876,"lon":2.362,"radius":3}],"minPrice":600001,"maxPrice":800000}
(node:10067) [MONGOOSE] Warning: Duplicate schema index on {"land_value_num":1} found. This is often due to declaring an index using both "index: true" and "schema.index()". Please remove the duplicate index definition.
(Use `node --trace-warnings ...` to show where the warning was created)
(node:10067) [MONGOOSE] Warning: Duplicate schema index on {"lot1_surface_carrez_num":1} found. This is often due to declaring an index using both "index: true" and "schema.index()". Please remove the duplicate index definition.
(node:10067) [MONGODB DRIVER] Warning: useNewUrlParser is a deprecated option: useNewUrlParser has no effect since Node.js Driver version 4.0.0 and will be removed in the next major version
(node:10067) [MONGODB DRIVER] Warning: useUnifiedTopology is a deprecated option: useUnifiedTopology has no effect since Node.js Driver version 4.0.0 and will be removed in the next major version
Connected to DB
Starting full Paris import (radius 10km). This may take time.
Fetching page 1 (maxLength=1000)
No items returned on page 1 - import complete.
Import finished. Total processed: 0
Launching import partition: {"locations":[{"lat":48.876,"lon":2.362,"radius":3}],"minPrice":600001,"maxPrice":800000}
(node:10070) [MONGOOSE] Warning: Duplicate schema index on {"land_value_num":1} found. This is often due to declaring an index using both "index: true" and "schema.index()". Please remove the duplicate index definition.
(Use `node --trace-warnings ...` to show where the warning was created)
(node:10070) [MONGOOSE] Warning: Duplicate schema index on {"lot1_surface_carrez_num":1} found. This is often due to declaring an index using both "index: true" and "schema.index()". Please remove the duplicate index definition.
(node:10070) [MONGODB DRIVER] Warning: useNewUrlParser is a deprecated option: useNewUrlParser has no effect since Node.js Driver version 4.0.0 and will be removed in the next major version
(node:10070) [MONGODB DRIVER] Warning: useUnifiedTopology is a deprecated option: useUnifiedTopology has no effect since Node.js Driver version 4.0.0 and will be removed in the next major version
Connected to DB
Starting full Paris import (radius 10km). This may take time.
Fetching page 1 (maxLength=1000)
No items returned on page 1 - import complete.
Import finished. Total processed: 0
Launching import partition: {"locations":[{"lat":48.876,"lon":2.362,"radius":3}],"minPrice":800001,"maxPrice":1000000}
(node:10073) [MONGOOSE] Warning: Duplicate schema index on {"land_value_num":1} found. This is often due to declaring an index using both "index: true" and "schema.index()". Please remove the duplicate index definition.
(Use `node --trace-warnings ...` to show where the warning was created)
(node:10073) [MONGOOSE] Warning: Duplicate schema index on {"lot1_surface_carrez_num":1} found. This is often due to declaring an index using both "index: true" and "schema.index()". Please remove the duplicate index definition.
(node:10073) [MONGODB DRIVER] Warning: useNewUrlParser is a deprecated option: useNewUrlParser has no effect since Node.js Driver version 4.0.0 and will be removed in the next major version
(node:10073) [MONGODB DRIVER] Warning: useUnifiedTopology is a deprecated option: useUnifiedTopology has no effect since Node.js Driver version 4.0.0 and will be removed in the next major version
Connected to DB
Starting full Paris import (radius 10km). This may take time.
Fetching page 1 (maxLength=1000)
No items returned on page 1 - import complete.
Import finished. Total processed: 0
Launching import partition: {"locations":[{"lat":48.876,"lon":2.362,"radius":3}],"minPrice":800001,"maxPrice":1000000}
(node:10091) [MONGOOSE] Warning: Duplicate schema index on {"land_value_num":1} found. This is often due to declaring an index using both "index: true" and "schema.index()". Please remove the duplicate index definition.
(Use `node --trace-warnings ...` to show where the warning was created)
(node:10091) [MONGOOSE] Warning: Duplicate schema index on {"lot1_surface_carrez_num":1} found. This is often due to declaring an index using both "index: true" and "schema.index()". Please remove the duplicate index definition.
(node:10091) [MONGODB DRIVER] Warning: useNewUrlParser is a deprecated option: useNewUrlParser has no effect since Node.js Driver version 4.0.0 and will be removed in the next major version
(node:10091) [MONGODB DRIVER] Warning: useUnifiedTopology is a deprecated option: useUnifiedTopology has no effect since Node.js Driver version 4.0.0 and will be removed in the next major version
Connected to DB
Starting full Paris import (radius 10km). This may take time.
Fetching page 1 (maxLength=1000)
No items returned on page 1 - import complete.
Import finished. Total processed: 0
Launching import partition: {"locations":[{"lat":48.876,"lon":2.362,"radius":3}],"minPrice":1000001,"maxPrice":5000000}
(node:10116) [MONGOOSE] Warning: Duplicate schema index on {"land_value_num":1} found. This is often due to declaring an index using both "index: true" and "schema.index()". Please remove the duplicate index definition.
(Use `node --trace-warnings ...` to show where the warning was created)
(node:10116) [MONGOOSE] Warning: Duplicate schema index on {"lot1_surface_carrez_num":1} found. This is often due to declaring an index using both "index: true" and "schema.index()". Please remove the duplicate index definition.
(node:10116) [MONGODB DRIVER] Warning: useNewUrlParser is a deprecated option: useNewUrlParser has no effect since Node.js Driver version 4.0.0 and will be removed in the next major version
(node:10116) [MONGODB DRIVER] Warning: useUnifiedTopology is a deprecated option: useUnifiedTopology has no effect since Node.js Driver version 4.0.0 and will be removed in the next major version
Connected to DB
Starting full Paris import (radius 10km). This may take time.
Fetching page 1 (maxLength=1000)
No items returned on page 1 - import complete.
Import finished. Total processed: 0
Launching import partition: {"locations":[{"lat":48.876,"lon":2.362,"radius":3}],"minPrice":1000001,"maxPrice":5000000}
(node:10131) [MONGOOSE] Warning: Duplicate schema index on {"land_value_num":1} found. This is often due to declaring an index using both "index: true" and "schema.index()". Please remove the duplicate index definition.
(Use `node --trace-warnings ...` to show where the warning was created)
(node:10131) [MONGOOSE] Warning: Duplicate schema index on {"lot1_surface_carrez_num":1} found. This is often due to declaring an index using both "index: true" and "schema.index()". Please remove the duplicate index definition.
(node:10131) [MONGODB DRIVER] Warning: useNewUrlParser is a deprecated option: useNewUrlParser has no effect since Node.js Driver version 4.0.0 and will be removed in the next major version
(node:10131) [MONGODB DRIVER] Warning: useUnifiedTopology is a deprecated option: useUnifiedTopology has no effect since Node.js Driver version 4.0.0 and will be removed in the next major version
Connected to DB
Starting full Paris import (radius 10km). This may take time.
Fetching page 1 (maxLength=1000)
No items returned on page 1 - import complete.
Import finished. Total processed: 0
Launching import partition: {"locations":[{"lat":48.836,"lon":2.342,"radius":3}],"minPrice":0,"maxPrice":200000}
(node:10140) [MONGOOSE] Warning: Duplicate schema index on {"land_value_num":1} found. This is often due to declaring an index using both "index: true" and "schema.index()". Please remove the duplicate index definition.
(Use `node --trace-warnings ...` to show where the warning was created)
(node:10140) [MONGOOSE] Warning: Duplicate schema index on {"lot1_surface_carrez_num":1} found. This is often due to declaring an index using both "index: true" and "schema.index()". Please remove the duplicate index definition.
(node:10140) [MONGODB DRIVER] Warning: useNewUrlParser is a deprecated option: useNewUrlParser has no effect since Node.js Driver version 4.0.0 and will be removed in the next major version
(node:10140) [MONGODB DRIVER] Warning: useUnifiedTopology is a deprecated option: useUnifiedTopology has no effect since Node.js Driver version 4.0.0 and will be removed in the next major version
Connected to DB
Starting full Paris import (radius 10km). This may take time.
Fetching page 1 (maxLength=1000)
No items returned on page 1 - import complete.
Import finished. Total processed: 0
Launching import partition: {"locations":[{"lat":48.836,"lon":2.342,"radius":3}],"minPrice":0,"maxPrice":200000}
(node:10145) [MONGOOSE] Warning: Duplicate schema index on {"land_value_num":1} found. This is often due to declaring an index using both "index: true" and "schema.index()". Please remove the duplicate index definition.
(Use `node --trace-warnings ...` to show where the warning was created)
(node:10145) [MONGOOSE] Warning: Duplicate schema index on {"lot1_surface_carrez_num":1} found. This is often due to declaring an index using both "index: true" and "schema.index()". Please remove the duplicate index definition.
(node:10145) [MONGODB DRIVER] Warning: useNewUrlParser is a deprecated option: useNewUrlParser has no effect since Node.js Driver version 4.0.0 and will be removed in the next major version
(node:10145) [MONGODB DRIVER] Warning: useUnifiedTopology is a deprecated option: useUnifiedTopology has no effect since Node.js Driver version 4.0.0 and will be removed in the next major version
Connected to DB
Starting full Paris import (radius 10km). This may take time.
Fetching page 1 (maxLength=1000)
No items returned on page 1 - import complete.
Import finished. Total processed: 0
Launching import partition: {"locations":[{"lat":48.836,"lon":2.342,"radius":3}],"minPrice":200001,"maxPrice":400000}
(node:10148) [MONGOOSE] Warning: Duplicate schema index on {"land_value_num":1} found. This is often due to declaring an index using both "index: true" and "schema.index()". Please remove the duplicate index definition.
(Use `node --trace-warnings ...` to show where the warning was created)
(node:10148) [MONGOOSE] Warning: Duplicate schema index on {"lot1_surface_carrez_num":1} found. This is often due to declaring an index using both "index: true" and "schema.index()". Please remove the duplicate index definition.
(node:10148) [MONGODB DRIVER] Warning: useNewUrlParser is a deprecated option: useNewUrlParser has no effect since Node.js Driver version 4.0.0 and will be removed in the next major version
(node:10148) [MONGODB DRIVER] Warning: useUnifiedTopology is a deprecated option: useUnifiedTopology has no effect since Node.js Driver version 4.0.0 and will be removed in the next major version
Connected to DB
Starting full Paris import (radius 10km). This may take time.
Fetching page 1 (maxLength=1000)
No items returned on page 1 - import complete.
Import finished. Total processed: 0
Launching import partition: {"locations":[{"lat":48.836,"lon":2.342,"radius":3}],"minPrice":200001,"maxPrice":400000}
(node:10156) [MONGOOSE] Warning: Duplicate schema index on {"land_value_num":1} found. This is often due to declaring an index using both "index: true" and "schema.index()". Please remove the duplicate index definition.
(Use `node --trace-warnings ...` to show where the warning was created)
(node:10156) [MONGOOSE] Warning: Duplicate schema index on {"lot1_surface_carrez_num":1} found. This is often due to declaring an index using both "index: true" and "schema.index()". Please remove the duplicate index definition.
(node:10156) [MONGODB DRIVER] Warning: useNewUrlParser is a deprecated option: useNewUrlParser has no effect since Node.js Driver version 4.0.0 and will be removed in the next major version
(node:10156) [MONGODB DRIVER] Warning: useUnifiedTopology is a deprecated option: useUnifiedTopology has no effect since Node.js Driver version 4.0.0 and will be removed in the next major version
Connected to DB
Starting full Paris import (radius 10km). This may take time.
Fetching page 1 (maxLength=1000)
No items returned on page 1 - import complete.
Import finished. Total processed: 0
Launching import partition: {"locations":[{"lat":48.836,"lon":2.342,"radius":3}],"minPrice":400001,"maxPrice":600000}
(node:10159) [MONGOOSE] Warning: Duplicate schema index on {"land_value_num":1} found. This is often due to declaring an index using both "index: true" and "schema.index()". Please remove the duplicate index definition.
(Use `node --trace-warnings ...` to show where the warning was created)
(node:10159) [MONGOOSE] Warning: Duplicate schema index on {"lot1_surface_carrez_num":1} found. This is often due to declaring an index using both "index: true" and "schema.index()". Please remove the duplicate index definition.
(node:10159) [MONGODB DRIVER] Warning: useNewUrlParser is a deprecated option: useNewUrlParser has no effect since Node.js Driver version 4.0.0 and will be removed in the next major version
(node:10159) [MONGODB DRIVER] Warning: useUnifiedTopology is a deprecated option: useUnifiedTopology has no effect since Node.js Driver version 4.0.0 and will be removed in the next major version
Connected to DB
Starting full Paris import (radius 10km). This may take time.
Fetching page 1 (maxLength=1000)
No items returned on page 1 - import complete.
Import finished. Total processed: 0
Launching import partition: {"locations":[{"lat":48.836,"lon":2.342,"radius":3}],"minPrice":400001,"maxPrice":600000}
(node:10162) [MONGOOSE] Warning: Duplicate schema index on {"land_value_num":1} found. This is often due to declaring an index using both "index: true" and "schema.index()". Please remove the duplicate index definition.
(Use `node --trace-warnings ...` to show where the warning was created)
(node:10162) [MONGOOSE] Warning: Duplicate schema index on {"lot1_surface_carrez_num":1} found. This is often due to declaring an index using both "index: true" and "schema.index()". Please remove the duplicate index definition.
(node:10162) [MONGODB DRIVER] Warning: useNewUrlParser is a deprecated option: useNewUrlParser has no effect since Node.js Driver version 4.0.0 and will be removed in the next major version
(node:10162) [MONGODB DRIVER] Warning: useUnifiedTopology is a deprecated option: useUnifiedTopology has no effect since Node.js Driver version 4.0.0 and will be removed in the next major version
Connected to DB
Starting full Paris import (radius 10km). This may take time.
Fetching page 1 (maxLength=1000)
No items returned on page 1 - import complete.
Import finished. Total processed: 0
Launching import partition: {"locations":[{"lat":48.836,"lon":2.342,"radius":3}],"minPrice":600001,"maxPrice":800000}
(node:10165) [MONGOOSE] Warning: Duplicate schema index on {"land_value_num":1} found. This is often due to declaring an index using both "index: true" and "schema.index()". Please remove the duplicate index definition.
(Use `node --trace-warnings ...` to show where the warning was created)
(node:10165) [MONGOOSE] Warning: Duplicate schema index on {"lot1_surface_carrez_num":1} found. This is often due to declaring an index using both "index: true" and "schema.index()". Please remove the duplicate index definition.
(node:10165) [MONGODB DRIVER] Warning: useNewUrlParser is a deprecated option: useNewUrlParser has no effect since Node.js Driver version 4.0.0 and will be removed in the next major version
(node:10165) [MONGODB DRIVER] Warning: useUnifiedTopology is a deprecated option: useUnifiedTopology has no effect since Node.js Driver version 4.0.0 and will be removed in the next major version
Connected to DB
Starting full Paris import (radius 10km). This may take time.
Fetching page 1 (maxLength=1000)
No items returned on page 1 - import complete.
Import finished. Total processed: 0
Launching import partition: {"locations":[{"lat":48.836,"lon":2.342,"radius":3}],"minPrice":600001,"maxPrice":800000}
(node:10168) [MONGOOSE] Warning: Duplicate schema index on {"land_value_num":1} found. This is often due to declaring an index using both "index: true" and "schema.index()". Please remove the duplicate index definition.
(Use `node --trace-warnings ...` to show where the warning was created)
(node:10168) [MONGOOSE] Warning: Duplicate schema index on {"lot1_surface_carrez_num":1} found. This is often due to declaring an index using both "index: true" and "schema.index()". Please remove the duplicate index definition.
(node:10168) [MONGODB DRIVER] Warning: useNewUrlParser is a deprecated option: useNewUrlParser has no effect since Node.js Driver version 4.0.0 and will be removed in the next major version
(node:10168) [MONGODB DRIVER] Warning: useUnifiedTopology is a deprecated option: useUnifiedTopology has no effect since Node.js Driver version 4.0.0 and will be removed in the next major version
Connected to DB
Starting full Paris import (radius 10km). This may take time.
Fetching page 1 (maxLength=1000)
No items returned on page 1 - import complete.
Import finished. Total processed: 0
Launching import partition: {"locations":[{"lat":48.836,"lon":2.342,"radius":3}],"minPrice":800001,"maxPrice":1000000}
(node:10171) [MONGOOSE] Warning: Duplicate schema index on {"land_value_num":1} found. This is often due to declaring an index using both "index: true" and "schema.index()". Please remove the duplicate index definition.
(Use `node --trace-warnings ...` to show where the warning was created)
(node:10171) [MONGOOSE] Warning: Duplicate schema index on {"lot1_surface_carrez_num":1} found. This is often due to declaring an index using both "index: true" and "schema.index()". Please remove the duplicate index definition.
(node:10171) [MONGODB DRIVER] Warning: useNewUrlParser is a deprecated option: useNewUrlParser has no effect since Node.js Driver version 4.0.0 and will be removed in the next major version
(node:10171) [MONGODB DRIVER] Warning: useUnifiedTopology is a deprecated option: useUnifiedTopology has no effect since Node.js Driver version 4.0.0 and will be removed in the next major version
Connected to DB
Starting full Paris import (radius 10km). This may take time.
Fetching page 1 (maxLength=1000)
No items returned on page 1 - import complete.
Import finished. Total processed: 0
Launching import partition: {"locations":[{"lat":48.836,"lon":2.342,"radius":3}],"minPrice":800001,"maxPrice":1000000}
(node:10174) [MONGOOSE] Warning: Duplicate schema index on {"land_value_num":1} found. This is often due to declaring an index using both "index: true" and "schema.index()". Please remove the duplicate index definition.
(Use `node --trace-warnings ...` to show where the warning was created)
(node:10174) [MONGOOSE] Warning: Duplicate schema index on {"lot1_surface_carrez_num":1} found. This is often due to declaring an index using both "index: true" and "schema.index()". Please remove the duplicate index definition.
(node:10174) [MONGODB DRIVER] Warning: useNewUrlParser is a deprecated option: useNewUrlParser has no effect since Node.js Driver version 4.0.0 and will be removed in the next major version
(node:10174) [MONGODB DRIVER] Warning: useUnifiedTopology is a deprecated option: useUnifiedTopology has no effect since Node.js Driver version 4.0.0 and will be removed in the next major version
Connected to DB
Starting full Paris import (radius 10km). This may take time.
Fetching page 1 (maxLength=1000)
No items returned on page 1 - import complete.
Import finished. Total processed: 0
Launching import partition: {"locations":[{"lat":48.836,"lon":2.342,"radius":3}],"minPrice":1000001,"maxPrice":5000000}
(node:10177) [MONGOOSE] Warning: Duplicate schema index on {"land_value_num":1} found. This is often due to declaring an index using both "index: true" and "schema.index()". Please remove the duplicate index definition.
(Use `node --trace-warnings ...` to show where the warning was created)
(node:10177) [MONGOOSE] Warning: Duplicate schema index on {"lot1_surface_carrez_num":1} found. This is often due to declaring an index using both "index: true" and "schema.index()". Please remove the duplicate index definition.
(node:10177) [MONGODB DRIVER] Warning: useNewUrlParser is a deprecated option: useNewUrlParser has no effect since Node.js Driver version 4.0.0 and will be removed in the next major version
(node:10177) [MONGODB DRIVER] Warning: useUnifiedTopology is a deprecated option: useUnifiedTopology has no effect since Node.js Driver version 4.0.0 and will be removed in the next major version
Connected to DB
Starting full Paris import (radius 10km). This may take time.
Fetching page 1 (maxLength=1000)
No items returned on page 1 - import complete.
Import finished. Total processed: 0
Launching import partition: {"locations":[{"lat":48.836,"lon":2.342,"radius":3}],"minPrice":1000001,"maxPrice":5000000}
(node:10180) [MONGOOSE] Warning: Duplicate schema index on {"land_value_num":1} found. This is often due to declaring an index using both "index: true" and "schema.index()". Please remove the duplicate index definition.
(Use `node --trace-warnings ...` to show where the warning was created)
(node:10180) [MONGOOSE] Warning: Duplicate schema index on {"lot1_surface_carrez_num":1} found. This is often due to declaring an index using both "index: true" and "schema.index()". Please remove the duplicate index definition.
(node:10180) [MONGODB DRIVER] Warning: useNewUrlParser is a deprecated option: useNewUrlParser has no effect since Node.js Driver version 4.0.0 and will be removed in the next major version
(node:10180) [MONGODB DRIVER] Warning: useUnifiedTopology is a deprecated option: useUnifiedTopology has no effect since Node.js Driver version 4.0.0 and will be removed in the next major version
Connected to DB
Starting full Paris import (radius 10km). This may take time.
Fetching page 1 (maxLength=1000)
No items returned on page 1 - import complete.
Import finished. Total processed: 0
Launching import partition: {"locations":[{"lat":48.856,"lon":2.312,"radius":3}],"minPrice":0,"maxPrice":200000}
(node:10183) [MONGOOSE] Warning: Duplicate schema index on {"land_value_num":1} found. This is often due to declaring an index using both "index: true" and "schema.index()". Please remove the duplicate index definition.
(Use `node --trace-warnings ...` to show where the warning was created)
(node:10183) [MONGOOSE] Warning: Duplicate schema index on {"lot1_surface_carrez_num":1} found. This is often due to declaring an index using both "index: true" and "schema.index()". Please remove the duplicate index definition.
(node:10183) [MONGODB DRIVER] Warning: useNewUrlParser is a deprecated option: useNewUrlParser has no effect since Node.js Driver version 4.0.0 and will be removed in the next major version
(node:10183) [MONGODB DRIVER] Warning: useUnifiedTopology is a deprecated option: useUnifiedTopology has no effect since Node.js Driver version 4.0.0 and will be removed in the next major version
Connected to DB
Starting full Paris import (radius 10km). This may take time.
Fetching page 1 (maxLength=1000)
No items returned on page 1 - import complete.
Import finished. Total processed: 0
Launching import partition: {"locations":[{"lat":48.856,"lon":2.312,"radius":3}],"minPrice":0,"maxPrice":200000}
(node:10186) [MONGOOSE] Warning: Duplicate schema index on {"land_value_num":1} found. This is often due to declaring an index using both "index: true" and "schema.index()". Please remove the duplicate index definition.
(Use `node --trace-warnings ...` to show where the warning was created)
(node:10186) [MONGOOSE] Warning: Duplicate schema index on {"lot1_surface_carrez_num":1} found. This is often due to declaring an index using both "index: true" and "schema.index()". Please remove the duplicate index definition.
(node:10186) [MONGODB DRIVER] Warning: useNewUrlParser is a deprecated option: useNewUrlParser has no effect since Node.js Driver version 4.0.0 and will be removed in the next major version
(node:10186) [MONGODB DRIVER] Warning: useUnifiedTopology is a deprecated option: useUnifiedTopology has no effect since Node.js Driver version 4.0.0 and will be removed in the next major version
Connected to DB
Starting full Paris import (radius 10km). This may take time.
Fetching page 1 (maxLength=1000)
No items returned on page 1 - import complete.
Import finished. Total processed: 0
Launching import partition: {"locations":[{"lat":48.856,"lon":2.312,"radius":3}],"minPrice":200001,"maxPrice":400000}
(node:10191) [MONGOOSE] Warning: Duplicate schema index on {"land_value_num":1} found. This is often due to declaring an index using both "index: true" and "schema.index()". Please remove the duplicate index definition.
(Use `node --trace-warnings ...` to show where the warning was created)
(node:10191) [MONGOOSE] Warning: Duplicate schema index on {"lot1_surface_carrez_num":1} found. This is often due to declaring an index using both "index: true" and "schema.index()". Please remove the duplicate index definition.
(node:10191) [MONGODB DRIVER] Warning: useNewUrlParser is a deprecated option: useNewUrlParser has no effect since Node.js Driver version 4.0.0 and will be removed in the next major version
(node:10191) [MONGODB DRIVER] Warning: useUnifiedTopology is a deprecated option: useUnifiedTopology has no effect since Node.js Driver version 4.0.0 and will be removed in the next major version
Connected to DB
Starting full Paris import (radius 10km). This may take time.
Fetching page 1 (maxLength=1000)
No items returned on page 1 - import complete.
Import finished. Total processed: 0
Launching import partition: {"locations":[{"lat":48.856,"lon":2.312,"radius":3}],"minPrice":200001,"maxPrice":400000}
(node:10194) [MONGOOSE] Warning: Duplicate schema index on {"land_value_num":1} found. This is often due to declaring an index using both "index: true" and "schema.index()". Please remove the duplicate index definition.
(Use `node --trace-warnings ...` to show where the warning was created)
(node:10194) [MONGOOSE] Warning: Duplicate schema index on {"lot1_surface_carrez_num":1} found. This is often due to declaring an index using both "index: true" and "schema.index()". Please remove the duplicate index definition.
(node:10194) [MONGODB DRIVER] Warning: useNewUrlParser is a deprecated option: useNewUrlParser has no effect since Node.js Driver version 4.0.0 and will be removed in the next major version
(node:10194) [MONGODB DRIVER] Warning: useUnifiedTopology is a deprecated option: useUnifiedTopology has no effect since Node.js Driver version 4.0.0 and will be removed in the next major version
Connected to DB
Starting full Paris import (radius 10km). This may take time.
Fetching page 1 (maxLength=1000)
No items returned on page 1 - import complete.
Import finished. Total processed: 0
Launching import partition: {"locations":[{"lat":48.856,"lon":2.312,"radius":3}],"minPrice":400001,"maxPrice":600000}
(node:10198) [MONGOOSE] Warning: Duplicate schema index on {"land_value_num":1} found. This is often due to declaring an index using both "index: true" and "schema.index()". Please remove the duplicate index definition.
(Use `node --trace-warnings ...` to show where the warning was created)
(node:10198) [MONGOOSE] Warning: Duplicate schema index on {"lot1_surface_carrez_num":1} found. This is often due to declaring an index using both "index: true" and "schema.index()". Please remove the duplicate index definition.
(node:10198) [MONGODB DRIVER] Warning: useNewUrlParser is a deprecated option: useNewUrlParser has no effect since Node.js Driver version 4.0.0 and will be removed in the next major version
(node:10198) [MONGODB DRIVER] Warning: useUnifiedTopology is a deprecated option: useUnifiedTopology has no effect since Node.js Driver version 4.0.0 and will be removed in the next major version
Connected to DB
Starting full Paris import (radius 10km). This may take time.
Fetching page 1 (maxLength=1000)
No items returned on page 1 - import complete.
Import finished. Total processed: 0
Launching import partition: {"locations":[{"lat":48.856,"lon":2.312,"radius":3}],"minPrice":400001,"maxPrice":600000}
(node:10201) [MONGOOSE] Warning: Duplicate schema index on {"land_value_num":1} found. This is often due to declaring an index using both "index: true" and "schema.index()". Please remove the duplicate index definition.
(Use `node --trace-warnings ...` to show where the warning was created)
(node:10201) [MONGOOSE] Warning: Duplicate schema index on {"lot1_surface_carrez_num":1} found. This is often due to declaring an index using both "index: true" and "schema.index()". Please remove the duplicate index definition.
(node:10201) [MONGODB DRIVER] Warning: useNewUrlParser is a deprecated option: useNewUrlParser has no effect since Node.js Driver version 4.0.0 and will be removed in the next major version
(node:10201) [MONGODB DRIVER] Warning: useUnifiedTopology is a deprecated option: useUnifiedTopology has no effect since Node.js Driver version 4.0.0 and will be removed in the next major version
Connected to DB
Starting full Paris import (radius 10km). This may take time.
Fetching page 1 (maxLength=1000)
No items returned on page 1 - import complete.
Import finished. Total processed: 0
Launching import partition: {"locations":[{"lat":48.856,"lon":2.312,"radius":3}],"minPrice":600001,"maxPrice":800000}
(node:10204) [MONGOOSE] Warning: Duplicate schema index on {"land_value_num":1} found. This is often due to declaring an index using both "index: true" and "schema.index()". Please remove the duplicate index definition.
(Use `node --trace-warnings ...` to show where the warning was created)
(node:10204) [MONGOOSE] Warning: Duplicate schema index on {"lot1_surface_carrez_num":1} found. This is often due to declaring an index using both "index: true" and "schema.index()". Please remove the duplicate index definition.
(node:10204) [MONGODB DRIVER] Warning: useNewUrlParser is a deprecated option: useNewUrlParser has no effect since Node.js Driver version 4.0.0 and will be removed in the next major version
(node:10204) [MONGODB DRIVER] Warning: useUnifiedTopology is a deprecated option: useUnifiedTopology has no effect since Node.js Driver version 4.0.0 and will be removed in the next major version
Connected to DB
Starting full Paris import (radius 10km). This may take time.
Fetching page 1 (maxLength=1000)
No items returned on page 1 - import complete.
Import finished. Total processed: 0
Launching import partition: {"locations":[{"lat":48.856,"lon":2.312,"radius":3}],"minPrice":600001,"maxPrice":800000}
(node:10209) [MONGOOSE] Warning: Duplicate schema index on {"land_value_num":1} found. This is often due to declaring an index using both "index: true" and "schema.index()". Please remove the duplicate index definition.
(Use `node --trace-warnings ...` to show where the warning was created)
(node:10209) [MONGOOSE] Warning: Duplicate schema index on {"lot1_surface_carrez_num":1} found. This is often due to declaring an index using both "index: true" and "schema.index()". Please remove the duplicate index definition.
(node:10209) [MONGODB DRIVER] Warning: useNewUrlParser is a deprecated option: useNewUrlParser has no effect since Node.js Driver version 4.0.0 and will be removed in the next major version
(node:10209) [MONGODB DRIVER] Warning: useUnifiedTopology is a deprecated option: useUnifiedTopology has no effect since Node.js Driver version 4.0.0 and will be removed in the next major version
Connected to DB
Starting full Paris import (radius 10km). This may take time.
Fetching page 1 (maxLength=1000)
No items returned on page 1 - import complete.
Import finished. Total processed: 0
Launching import partition: {"locations":[{"lat":48.856,"lon":2.312,"radius":3}],"minPrice":800001,"maxPrice":1000000}
(node:10212) [MONGOOSE] Warning: Duplicate schema index on {"land_value_num":1} found. This is often due to declaring an index using both "index: true" and "schema.index()". Please remove the duplicate index definition.
(Use `node --trace-warnings ...` to show where the warning was created)
(node:10212) [MONGOOSE] Warning: Duplicate schema index on {"lot1_surface_carrez_num":1} found. This is often due to declaring an index using both "index: true" and "schema.index()". Please remove the duplicate index definition.
(node:10212) [MONGODB DRIVER] Warning: useNewUrlParser is a deprecated option: useNewUrlParser has no effect since Node.js Driver version 4.0.0 and will be removed in the next major version
(node:10212) [MONGODB DRIVER] Warning: useUnifiedTopology is a deprecated option: useUnifiedTopology has no effect since Node.js Driver version 4.0.0 and will be removed in the next major version
Connected to DB
Starting full Paris import (radius 10km). This may take time.
Fetching page 1 (maxLength=1000)
No items returned on page 1 - import complete.
Import finished. Total processed: 0
Launching import partition: {"locations":[{"lat":48.856,"lon":2.312,"radius":3}],"minPrice":800001,"maxPrice":1000000}
(node:10215) [MONGOOSE] Warning: Duplicate schema index on {"land_value_num":1} found. This is often due to declaring an index using both "index: true" and "schema.index()". Please remove the duplicate index definition.
(Use `node --trace-warnings ...` to show where the warning was created)
(node:10215) [MONGOOSE] Warning: Duplicate schema index on {"lot1_surface_carrez_num":1} found. This is often due to declaring an index using both "index: true" and "schema.index()". Please remove the duplicate index definition.
(node:10215) [MONGODB DRIVER] Warning: useNewUrlParser is a deprecated option: useNewUrlParser has no effect since Node.js Driver version 4.0.0 and will be removed in the next major version
(node:10215) [MONGODB DRIVER] Warning: useUnifiedTopology is a deprecated option: useUnifiedTopology has no effect since Node.js Driver version 4.0.0 and will be removed in the next major version
Connected to DB
Starting full Paris import (radius 10km). This may take time.
Fetching page 1 (maxLength=1000)
No items returned on page 1 - import complete.
Import finished. Total processed: 0
Launching import partition: {"locations":[{"lat":48.856,"lon":2.312,"radius":3}],"minPrice":1000001,"maxPrice":5000000}
(node:10218) [MONGOOSE] Warning: Duplicate schema index on {"land_value_num":1} found. This is often due to declaring an index using both "index: true" and "schema.index()". Please remove the duplicate index definition.
(Use `node --trace-warnings ...` to show where the warning was created)
(node:10218) [MONGOOSE] Warning: Duplicate schema index on {"lot1_surface_carrez_num":1} found. This is often due to declaring an index using both "index: true" and "schema.index()". Please remove the duplicate index definition.
(node:10218) [MONGODB DRIVER] Warning: useNewUrlParser is a deprecated option: useNewUrlParser has no effect since Node.js Driver version 4.0.0 and will be removed in the next major version
(node:10218) [MONGODB DRIVER] Warning: useUnifiedTopology is a deprecated option: useUnifiedTopology has no effect since Node.js Driver version 4.0.0 and will be removed in the next major version
Connected to DB
Starting full Paris import (radius 10km). This may take time.
Fetching page 1 (maxLength=1000)
No items returned on page 1 - import complete.
Import finished. Total processed: 0
Launching import partition: {"locations":[{"lat":48.856,"lon":2.312,"radius":3}],"minPrice":1000001,"maxPrice":5000000}
(node:10221) [MONGOOSE] Warning: Duplicate schema index on {"land_value_num":1} found. This is often due to declaring an index using both "index: true" and "schema.index()". Please remove the duplicate index definition.
(Use `node --trace-warnings ...` to show where the warning was created)
(node:10221) [MONGOOSE] Warning: Duplicate schema index on {"lot1_surface_carrez_num":1} found. This is often due to declaring an index using both "index: true" and "schema.index()". Please remove the duplicate index definition.
(node:10221) [MONGODB DRIVER] Warning: useNewUrlParser is a deprecated option: useNewUrlParser has no effect since Node.js Driver version 4.0.0 and will be removed in the next major version
(node:10221) [MONGODB DRIVER] Warning: useUnifiedTopology is a deprecated option: useUnifiedTopology has no effect since Node.js Driver version 4.0.0 and will be removed in the next major version
Connected to DB
Starting full Paris import (radius 10km). This may take time.
Fetching page 1 (maxLength=1000)
No items returned on page 1 - import complete.
Import finished. Total processed: 0
Launching import partition: {"locations":[{"lat":48.856,"lon":2.392,"radius":3}],"minPrice":0,"maxPrice":200000}
(node:10224) [MONGOOSE] Warning: Duplicate schema index on {"land_value_num":1} found. This is often due to declaring an index using both "index: true" and "schema.index()". Please remove the duplicate index definition.
(Use `node --trace-warnings ...` to show where the warning was created)
(node:10224) [MONGOOSE] Warning: Duplicate schema index on {"lot1_surface_carrez_num":1} found. This is often due to declaring an index using both "index: true" and "schema.index()". Please remove the duplicate index definition.
(node:10224) [MONGODB DRIVER] Warning: useNewUrlParser is a deprecated option: useNewUrlParser has no effect since Node.js Driver version 4.0.0 and will be removed in the next major version
(node:10224) [MONGODB DRIVER] Warning: useUnifiedTopology is a deprecated option: useUnifiedTopology has no effect since Node.js Driver version 4.0.0 and will be removed in the next major version
Connected to DB
Starting full Paris import (radius 10km). This may take time.
Fetching page 1 (maxLength=1000)
No items returned on page 1 - import complete.
Import finished. Total processed: 0
Launching import partition: {"locations":[{"lat":48.856,"lon":2.392,"radius":3}],"minPrice":0,"maxPrice":200000}
(node:10227) [MONGOOSE] Warning: Duplicate schema index on {"land_value_num":1} found. This is often due to declaring an index using both "index: true" and "schema.index()". Please remove the duplicate index definition.
(Use `node --trace-warnings ...` to show where the warning was created)
(node:10227) [MONGOOSE] Warning: Duplicate schema index on {"lot1_surface_carrez_num":1} found. This is often due to declaring an index using both "index: true" and "schema.index()". Please remove the duplicate index definition.
(node:10227) [MONGODB DRIVER] Warning: useNewUrlParser is a deprecated option: useNewUrlParser has no effect since Node.js Driver version 4.0.0 and will be removed in the next major version
(node:10227) [MONGODB DRIVER] Warning: useUnifiedTopology is a deprecated option: useUnifiedTopology has no effect since Node.js Driver version 4.0.0 and will be removed in the next major version
Connected to DB
Starting full Paris import (radius 10km). This may take time.
Fetching page 1 (maxLength=1000)
No items returned on page 1 - import complete.
Import finished. Total processed: 0
Launching import partition: {"locations":[{"lat":48.856,"lon":2.392,"radius":3}],"minPrice":200001,"maxPrice":400000}
(node:10231) [MONGOOSE] Warning: Duplicate schema index on {"land_value_num":1} found. This is often due to declaring an index using both "index: true" and "schema.index()". Please remove the duplicate index definition.
(Use `node --trace-warnings ...` to show where the warning was created)
(node:10231) [MONGOOSE] Warning: Duplicate schema index on {"lot1_surface_carrez_num":1} found. This is often due to declaring an index using both "index: true" and "schema.index()". Please remove the duplicate index definition.
(node:10231) [MONGODB DRIVER] Warning: useNewUrlParser is a deprecated option: useNewUrlParser has no effect since Node.js Driver version 4.0.0 and will be removed in the next major version
(node:10231) [MONGODB DRIVER] Warning: useUnifiedTopology is a deprecated option: useUnifiedTopology has no effect since Node.js Driver version 4.0.0 and will be removed in the next major version
Connected to DB
Starting full Paris import (radius 10km). This may take time.
Fetching page 1 (maxLength=1000)
No items returned on page 1 - import complete.
Import finished. Total processed: 0
Launching import partition: {"locations":[{"lat":48.856,"lon":2.392,"radius":3}],"minPrice":200001,"maxPrice":400000}
(node:10234) [MONGOOSE] Warning: Duplicate schema index on {"land_value_num":1} found. This is often due to declaring an index using both "index: true" and "schema.index()". Please remove the duplicate index definition.
(Use `node --trace-warnings ...` to show where the warning was created)
(node:10234) [MONGOOSE] Warning: Duplicate schema index on {"lot1_surface_carrez_num":1} found. This is often due to declaring an index using both "index: true" and "schema.index()". Please remove the duplicate index definition.
(node:10234) [MONGODB DRIVER] Warning: useNewUrlParser is a deprecated option: useNewUrlParser has no effect since Node.js Driver version 4.0.0 and will be removed in the next major version
(node:10234) [MONGODB DRIVER] Warning: useUnifiedTopology is a deprecated option: useUnifiedTopology has no effect since Node.js Driver version 4.0.0 and will be removed in the next major version
Connected to DB
Starting full Paris import (radius 10km). This may take time.
Fetching page 1 (maxLength=1000)
No items returned on page 1 - import complete.
Import finished. Total processed: 0
Launching import partition: {"locations":[{"lat":48.856,"lon":2.392,"radius":3}],"minPrice":400001,"maxPrice":600000}
(node:10240) [MONGOOSE] Warning: Duplicate schema index on {"land_value_num":1} found. This is often due to declaring an index using both "index: true" and "schema.index()". Please remove the duplicate index definition.
(Use `node --trace-warnings ...` to show where the warning was created)
(node:10240) [MONGOOSE] Warning: Duplicate schema index on {"lot1_surface_carrez_num":1} found. This is often due to declaring an index using both "index: true" and "schema.index()". Please remove the duplicate index definition.
(node:10240) [MONGODB DRIVER] Warning: useNewUrlParser is a deprecated option: useNewUrlParser has no effect since Node.js Driver version 4.0.0 and will be removed in the next major version
(node:10240) [MONGODB DRIVER] Warning: useUnifiedTopology is a deprecated option: useUnifiedTopology has no effect since Node.js Driver version 4.0.0 and will be removed in the next major version
Connected to DB
Starting full Paris import (radius 10km). This may take time.
Fetching page 1 (maxLength=1000)
No items returned on page 1 - import complete.
Import finished. Total processed: 0
Launching import partition: {"locations":[{"lat":48.856,"lon":2.392,"radius":3}],"minPrice":400001,"maxPrice":600000}
(node:10244) [MONGOOSE] Warning: Duplicate schema index on {"land_value_num":1} found. This is often due to declaring an index using both "index: true" and "schema.index()". Please remove the duplicate index definition.
(Use `node --trace-warnings ...` to show where the warning was created)
(node:10244) [MONGOOSE] Warning: Duplicate schema index on {"lot1_surface_carrez_num":1} found. This is often due to declaring an index using both "index: true" and "schema.index()". Please remove the duplicate index definition.
(node:10244) [MONGODB DRIVER] Warning: useNewUrlParser is a deprecated option: useNewUrlParser has no effect since Node.js Driver version 4.0.0 and will be removed in the next major version
(node:10244) [MONGODB DRIVER] Warning: useUnifiedTopology is a deprecated option: useUnifiedTopology has no effect since Node.js Driver version 4.0.0 and will be removed in the next major version
Connected to DB
Starting full Paris import (radius 10km). This may take time.
Fetching page 1 (maxLength=1000)
No items returned on page 1 - import complete.
Import finished. Total processed: 0
Launching import partition: {"locations":[{"lat":48.856,"lon":2.392,"radius":3}],"minPrice":600001,"maxPrice":800000}
(node:10248) [MONGOOSE] Warning: Duplicate schema index on {"land_value_num":1} found. This is often due to declaring an index using both "index: true" and "schema.index()". Please remove the duplicate index definition.
(Use `node --trace-warnings ...` to show where the warning was created)
(node:10248) [MONGOOSE] Warning: Duplicate schema index on {"lot1_surface_carrez_num":1} found. This is often due to declaring an index using both "index: true" and "schema.index()". Please remove the duplicate index definition.
(node:10248) [MONGODB DRIVER] Warning: useNewUrlParser is a deprecated option: useNewUrlParser has no effect since Node.js Driver version 4.0.0 and will be removed in the next major version
(node:10248) [MONGODB DRIVER] Warning: useUnifiedTopology is a deprecated option: useUnifiedTopology has no effect since Node.js Driver version 4.0.0 and will be removed in the next major version
Connected to DB
Starting full Paris import (radius 10km). This may take time.
Fetching page 1 (maxLength=1000)
No items returned on page 1 - import complete.
Import finished. Total processed: 0
Launching import partition: {"locations":[{"lat":48.856,"lon":2.392,"radius":3}],"minPrice":600001,"maxPrice":800000}
(node:10251) [MONGOOSE] Warning: Duplicate schema index on {"land_value_num":1} found. This is often due to declaring an index using both "index: true" and "schema.index()". Please remove the duplicate index definition.
(Use `node --trace-warnings ...` to show where the warning was created)
(node:10251) [MONGOOSE] Warning: Duplicate schema index on {"lot1_surface_carrez_num":1} found. This is often due to declaring an index using both "index: true" and "schema.index()". Please remove the duplicate index definition.
(node:10251) [MONGODB DRIVER] Warning: useNewUrlParser is a deprecated option: useNewUrlParser has no effect since Node.js Driver version 4.0.0 and will be removed in the next major version
(node:10251) [MONGODB DRIVER] Warning: useUnifiedTopology is a deprecated option: useUnifiedTopology has no effect since Node.js Driver version 4.0.0 and will be removed in the next major version
Connected to DB
Starting full Paris import (radius 10km). This may take time.
Fetching page 1 (maxLength=1000)
No items returned on page 1 - import complete.
Import finished. Total processed: 0
Launching import partition: {"locations":[{"lat":48.856,"lon":2.392,"radius":3}],"minPrice":800001,"maxPrice":1000000}
(node:10255) [MONGOOSE] Warning: Duplicate schema index on {"land_value_num":1} found. This is often due to declaring an index using both "index: true" and "schema.index()". Please remove the duplicate index definition.
(Use `node --trace-warnings ...` to show where the warning was created)
(node:10255) [MONGOOSE] Warning: Duplicate schema index on {"lot1_surface_carrez_num":1} found. This is often due to declaring an index using both "index: true" and "schema.index()". Please remove the duplicate index definition.
(node:10255) [MONGODB DRIVER] Warning: useNewUrlParser is a deprecated option: useNewUrlParser has no effect since Node.js Driver version 4.0.0 and will be removed in the next major version
(node:10255) [MONGODB DRIVER] Warning: useUnifiedTopology is a deprecated option: useUnifiedTopology has no effect since Node.js Driver version 4.0.0 and will be removed in the next major version
Connected to DB
Starting full Paris import (radius 10km). This may take time.
Fetching page 1 (maxLength=1000)
No items returned on page 1 - import complete.
Import finished. Total processed: 0
Launching import partition: {"locations":[{"lat":48.856,"lon":2.392,"radius":3}],"minPrice":800001,"maxPrice":1000000}
(node:10258) [MONGOOSE] Warning: Duplicate schema index on {"land_value_num":1} found. This is often due to declaring an index using both "index: true" and "schema.index()". Please remove the duplicate index definition.
(Use `node --trace-warnings ...` to show where the warning was created)
(node:10258) [MONGOOSE] Warning: Duplicate schema index on {"lot1_surface_carrez_num":1} found. This is often due to declaring an index using both "index: true" and "schema.index()". Please remove the duplicate index definition.
(node:10258) [MONGODB DRIVER] Warning: useNewUrlParser is a deprecated option: useNewUrlParser has no effect since Node.js Driver version 4.0.0 and will be removed in the next major version
(node:10258) [MONGODB DRIVER] Warning: useUnifiedTopology is a deprecated option: useUnifiedTopology has no effect since Node.js Driver version 4.0.0 and will be removed in the next major version
Connected to DB
Starting full Paris import (radius 10km). This may take time.
Fetching page 1 (maxLength=1000)
No items returned on page 1 - import complete.
Import finished. Total processed: 0
Launching import partition: {"locations":[{"lat":48.856,"lon":2.392,"radius":3}],"minPrice":1000001,"maxPrice":5000000}
(node:10261) [MONGOOSE] Warning: Duplicate schema index on {"land_value_num":1} found. This is often due to declaring an index using both "index: true" and "schema.index()". Please remove the duplicate index definition.
(Use `node --trace-warnings ...` to show where the warning was created)
(node:10261) [MONGOOSE] Warning: Duplicate schema index on {"lot1_surface_carrez_num":1} found. This is often due to declaring an index using both "index: true" and "schema.index()". Please remove the duplicate index definition.
(node:10261) [MONGODB DRIVER] Warning: useNewUrlParser is a deprecated option: useNewUrlParser has no effect since Node.js Driver version 4.0.0 and will be removed in the next major version
(node:10261) [MONGODB DRIVER] Warning: useUnifiedTopology is a deprecated option: useUnifiedTopology has no effect since Node.js Driver version 4.0.0 and will be removed in the next major version
Connected to DB
Starting full Paris import (radius 10km). This may take time.
Fetching page 1 (maxLength=1000)
No items returned on page 1 - import complete.
Import finished. Total processed: 0
Launching import partition: {"locations":[{"lat":48.856,"lon":2.392,"radius":3}],"minPrice":1000001,"maxPrice":5000000}
(node:10264) [MONGOOSE] Warning: Duplicate schema index on {"land_value_num":1} found. This is often due to declaring an index using both "index: true" and "schema.index()". Please remove the duplicate index definition.
(Use `node --trace-warnings ...` to show where the warning was created)
(node:10264) [MONGOOSE] Warning: Duplicate schema index on {"lot1_surface_carrez_num":1} found. This is often due to declaring an index using both "index: true" and "schema.index()". Please remove the duplicate index definition.
(node:10264) [MONGODB DRIVER] Warning: useNewUrlParser is a deprecated option: useNewUrlParser has no effect since Node.js Driver version 4.0.0 and will be removed in the next major version
(node:10264) [MONGODB DRIVER] Warning: useUnifiedTopology is a deprecated option: useUnifiedTopology has no effect since Node.js Driver version 4.0.0 and will be removed in the next major version
Connected to DB
Starting full Paris import (radius 10km). This may take time.
Fetching page 1 (maxLength=1000)
No items returned on page 1 - import complete.
Import finished. Total processed: 0
Launching import partition: {"locations":[{"lat":48.896,"lon":2.352,"radius":3}],"minPrice":0,"maxPrice":200000}
(node:10267) [MONGOOSE] Warning: Duplicate schema index on {"land_value_num":1} found. This is often due to declaring an index using both "index: true" and "schema.index()". Please remove the duplicate index definition.
(Use `node --trace-warnings ...` to show where the warning was created)
(node:10267) [MONGOOSE] Warning: Duplicate schema index on {"lot1_surface_carrez_num":1} found. This is often due to declaring an index using both "index: true" and "schema.index()". Please remove the duplicate index definition.
(node:10267) [MONGODB DRIVER] Warning: useNewUrlParser is a deprecated option: useNewUrlParser has no effect since Node.js Driver version 4.0.0 and will be removed in the next major version
(node:10267) [MONGODB DRIVER] Warning: useUnifiedTopology is a deprecated option: useUnifiedTopology has no effect since Node.js Driver version 4.0.0 and will be removed in the next major version
Connected to DB
Starting full Paris import (radius 10km). This may take time.
Fetching page 1 (maxLength=1000)
No items returned on page 1 - import complete.
Import finished. Total processed: 0
Launching import partition: {"locations":[{"lat":48.896,"lon":2.352,"radius":3}],"minPrice":0,"maxPrice":200000}
(node:10270) [MONGOOSE] Warning: Duplicate schema index on {"land_value_num":1} found. This is often due to declaring an index using both "index: true" and "schema.index()". Please remove the duplicate index definition.
(Use `node --trace-warnings ...` to show where the warning was created)
(node:10270) [MONGOOSE] Warning: Duplicate schema index on {"lot1_surface_carrez_num":1} found. This is often due to declaring an index using both "index: true" and "schema.index()". Please remove the duplicate index definition.
(node:10270) [MONGODB DRIVER] Warning: useNewUrlParser is a deprecated option: useNewUrlParser has no effect since Node.js Driver version 4.0.0 and will be removed in the next major version
(node:10270) [MONGODB DRIVER] Warning: useUnifiedTopology is a deprecated option: useUnifiedTopology has no effect since Node.js Driver version 4.0.0 and will be removed in the next major version
Connected to DB
Starting full Paris import (radius 10km). This may take time.
Fetching page 1 (maxLength=1000)
No items returned on page 1 - import complete.
Import finished. Total processed: 0
Launching import partition: {"locations":[{"lat":48.896,"lon":2.352,"radius":3}],"minPrice":200001,"maxPrice":400000}
(node:10273) [MONGOOSE] Warning: Duplicate schema index on {"land_value_num":1} found. This is often due to declaring an index using both "index: true" and "schema.index()". Please remove the duplicate index definition.
(Use `node --trace-warnings ...` to show where the warning was created)
(node:10273) [MONGOOSE] Warning: Duplicate schema index on {"lot1_surface_carrez_num":1} found. This is often due to declaring an index using both "index: true" and "schema.index()". Please remove the duplicate index definition.
(node:10273) [MONGODB DRIVER] Warning: useNewUrlParser is a deprecated option: useNewUrlParser has no effect since Node.js Driver version 4.0.0 and will be removed in the next major version
(node:10273) [MONGODB DRIVER] Warning: useUnifiedTopology is a deprecated option: useUnifiedTopology has no effect since Node.js Driver version 4.0.0 and will be removed in the next major version
Connected to DB
Starting full Paris import (radius 10km). This may take time.
Fetching page 1 (maxLength=1000)
No items returned on page 1 - import complete.
Import finished. Total processed: 0
Launching import partition: {"locations":[{"lat":48.896,"lon":2.352,"radius":3}],"minPrice":200001,"maxPrice":400000}
(node:10276) [MONGOOSE] Warning: Duplicate schema index on {"land_value_num":1} found. This is often due to declaring an index using both "index: true" and "schema.index()". Please remove the duplicate index definition.
(Use `node --trace-warnings ...` to show where the warning was created)
(node:10276) [MONGOOSE] Warning: Duplicate schema index on {"lot1_surface_carrez_num":1} found. This is often due to declaring an index using both "index: true" and "schema.index()". Please remove the duplicate index definition.
(node:10276) [MONGODB DRIVER] Warning: useNewUrlParser is a deprecated option: useNewUrlParser has no effect since Node.js Driver version 4.0.0 and will be removed in the next major version
(node:10276) [MONGODB DRIVER] Warning: useUnifiedTopology is a deprecated option: useUnifiedTopology has no effect since Node.js Driver version 4.0.0 and will be removed in the next major version
Connected to DB
Starting full Paris import (radius 10km). This may take time.
Fetching page 1 (maxLength=1000)
No items returned on page 1 - import complete.
Import finished. Total processed: 0
Launching import partition: {"locations":[{"lat":48.896,"lon":2.352,"radius":3}],"minPrice":400001,"maxPrice":600000}
(node:10280) [MONGOOSE] Warning: Duplicate schema index on {"land_value_num":1} found. This is often due to declaring an index using both "index: true" and "schema.index()". Please remove the duplicate index definition.
(Use `node --trace-warnings ...` to show where the warning was created)
(node:10280) [MONGOOSE] Warning: Duplicate schema index on {"lot1_surface_carrez_num":1} found. This is often due to declaring an index using both "index: true" and "schema.index()". Please remove the duplicate index definition.
(node:10280) [MONGODB DRIVER] Warning: useNewUrlParser is a deprecated option: useNewUrlParser has no effect since Node.js Driver version 4.0.0 and will be removed in the next major version
(node:10280) [MONGODB DRIVER] Warning: useUnifiedTopology is a deprecated option: useUnifiedTopology has no effect since Node.js Driver version 4.0.0 and will be removed in the next major version
Connected to DB
Starting full Paris import (radius 10km). This may take time.
Fetching page 1 (maxLength=1000)
No items returned on page 1 - import complete.
Import finished. Total processed: 0
Launching import partition: {"locations":[{"lat":48.896,"lon":2.352,"radius":3}],"minPrice":400001,"maxPrice":600000}
(node:10283) [MONGOOSE] Warning: Duplicate schema index on {"land_value_num":1} found. This is often due to declaring an index using both "index: true" and "schema.index()". Please remove the duplicate index definition.
(Use `node --trace-warnings ...` to show where the warning was created)
(node:10283) [MONGOOSE] Warning: Duplicate schema index on {"lot1_surface_carrez_num":1} found. This is often due to declaring an index using both "index: true" and "schema.index()". Please remove the duplicate index definition.
(node:10283) [MONGODB DRIVER] Warning: useNewUrlParser is a deprecated option: useNewUrlParser has no effect since Node.js Driver version 4.0.0 and will be removed in the next major version
(node:10283) [MONGODB DRIVER] Warning: useUnifiedTopology is a deprecated option: useUnifiedTopology has no effect since Node.js Driver version 4.0.0 and will be removed in the next major version
Connected to DB
Starting full Paris import (radius 10km). This may take time.
Fetching page 1 (maxLength=1000)
No items returned on page 1 - import complete.
Import finished. Total processed: 0
Launching import partition: {"locations":[{"lat":48.896,"lon":2.352,"radius":3}],"minPrice":600001,"maxPrice":800000}
(node:10286) [MONGOOSE] Warning: Duplicate schema index on {"land_value_num":1} found. This is often due to declaring an index using both "index: true" and "schema.index()". Please remove the duplicate index definition.
(Use `node --trace-warnings ...` to show where the warning was created)
(node:10286) [MONGOOSE] Warning: Duplicate schema index on {"lot1_surface_carrez_num":1} found. This is often due to declaring an index using both "index: true" and "schema.index()". Please remove the duplicate index definition.
(node:10286) [MONGODB DRIVER] Warning: useNewUrlParser is a deprecated option: useNewUrlParser has no effect since Node.js Driver version 4.0.0 and will be removed in the next major version
(node:10286) [MONGODB DRIVER] Warning: useUnifiedTopology is a deprecated option: useUnifiedTopology has no effect since Node.js Driver version 4.0.0 and will be removed in the next major version
Connected to DB
Starting full Paris import (radius 10km). This may take time.
Fetching page 1 (maxLength=1000)
No items returned on page 1 - import complete.
Import finished. Total processed: 0
Launching import partition: {"locations":[{"lat":48.896,"lon":2.352,"radius":3}],"minPrice":600001,"maxPrice":800000}
(node:10289) [MONGOOSE] Warning: Duplicate schema index on {"land_value_num":1} found. This is often due to declaring an index using both "index: true" and "schema.index()". Please remove the duplicate index definition.
(Use `node --trace-warnings ...` to show where the warning was created)
(node:10289) [MONGOOSE] Warning: Duplicate schema index on {"lot1_surface_carrez_num":1} found. This is often due to declaring an index using both "index: true" and "schema.index()". Please remove the duplicate index definition.
(node:10289) [MONGODB DRIVER] Warning: useNewUrlParser is a deprecated option: useNewUrlParser has no effect since Node.js Driver version 4.0.0 and will be removed in the next major version
(node:10289) [MONGODB DRIVER] Warning: useUnifiedTopology is a deprecated option: useUnifiedTopology has no effect since Node.js Driver version 4.0.0 and will be removed in the next major version
Connected to DB
Starting full Paris import (radius 10km). This may take time.
Fetching page 1 (maxLength=1000)
No items returned on page 1 - import complete.
Import finished. Total processed: 0
Launching import partition: {"locations":[{"lat":48.896,"lon":2.352,"radius":3}],"minPrice":800001,"maxPrice":1000000}
(node:10292) [MONGOOSE] Warning: Duplicate schema index on {"land_value_num":1} found. This is often due to declaring an index using both "index: true" and "schema.index()". Please remove the duplicate index definition.
(Use `node --trace-warnings ...` to show where the warning was created)
(node:10292) [MONGOOSE] Warning: Duplicate schema index on {"lot1_surface_carrez_num":1} found. This is often due to declaring an index using both "index: true" and "schema.index()". Please remove the duplicate index definition.
(node:10292) [MONGODB DRIVER] Warning: useNewUrlParser is a deprecated option: useNewUrlParser has no effect since Node.js Driver version 4.0.0 and will be removed in the next major version
(node:10292) [MONGODB DRIVER] Warning: useUnifiedTopology is a deprecated option: useUnifiedTopology has no effect since Node.js Driver version 4.0.0 and will be removed in the next major version
Connected to DB
Starting full Paris import (radius 10km). This may take time.
Fetching page 1 (maxLength=1000)
No items returned on page 1 - import complete.
Import finished. Total processed: 0
Launching import partition: {"locations":[{"lat":48.896,"lon":2.352,"radius":3}],"minPrice":800001,"maxPrice":1000000}
(node:10295) [MONGOOSE] Warning: Duplicate schema index on {"land_value_num":1} found. This is often due to declaring an index using both "index: true" and "schema.index()". Please remove the duplicate index definition.
(Use `node --trace-warnings ...` to show where the warning was created)
(node:10295) [MONGOOSE] Warning: Duplicate schema index on {"lot1_surface_carrez_num":1} found. This is often due to declaring an index using both "index: true" and "schema.index()". Please remove the duplicate index definition.
(node:10295) [MONGODB DRIVER] Warning: useNewUrlParser is a deprecated option: useNewUrlParser has no effect since Node.js Driver version 4.0.0 and will be removed in the next major version
(node:10295) [MONGODB DRIVER] Warning: useUnifiedTopology is a deprecated option: useUnifiedTopology has no effect since Node.js Driver version 4.0.0 and will be removed in the next major version
Connected to DB
Starting full Paris import (radius 10km). This may take time.
Fetching page 1 (maxLength=1000)
No items returned on page 1 - import complete.
Import finished. Total processed: 0
Launching import partition: {"locations":[{"lat":48.896,"lon":2.352,"radius":3}],"minPrice":1000001,"maxPrice":5000000}
(node:10298) [MONGOOSE] Warning: Duplicate schema index on {"land_value_num":1} found. This is often due to declaring an index using both "index: true" and "schema.index()". Please remove the duplicate index definition.
(Use `node --trace-warnings ...` to show where the warning was created)
(node:10298) [MONGOOSE] Warning: Duplicate schema index on {"lot1_surface_carrez_num":1} found. This is often due to declaring an index using both "index: true" and "schema.index()". Please remove the duplicate index definition.
(node:10298) [MONGODB DRIVER] Warning: useNewUrlParser is a deprecated option: useNewUrlParser has no effect since Node.js Driver version 4.0.0 and will be removed in the next major version
(node:10298) [MONGODB DRIVER] Warning: useUnifiedTopology is a deprecated option: useUnifiedTopology has no effect since Node.js Driver version 4.0.0 and will be removed in the next major version
Connected to DB
Starting full Paris import (radius 10km). This may take time.
Fetching page 1 (maxLength=1000)
No items returned on page 1 - import complete.
Import finished. Total processed: 0
Launching import partition: {"locations":[{"lat":48.896,"lon":2.352,"radius":3}],"minPrice":1000001,"maxPrice":5000000}
(node:10301) [MONGOOSE] Warning: Duplicate schema index on {"land_value_num":1} found. This is often due to declaring an index using both "index: true" and "schema.index()". Please remove the duplicate index definition.
(Use `node --trace-warnings ...` to show where the warning was created)
(node:10301) [MONGOOSE] Warning: Duplicate schema index on {"lot1_surface_carrez_num":1} found. This is often due to declaring an index using both "index: true" and "schema.index()". Please remove the duplicate index definition.
(node:10301) [MONGODB DRIVER] Warning: useNewUrlParser is a deprecated option: useNewUrlParser has no effect since Node.js Driver version 4.0.0 and will be removed in the next major version
(node:10301) [MONGODB DRIVER] Warning: useUnifiedTopology is a deprecated option: useUnifiedTopology has no effect since Node.js Driver version 4.0.0 and will be removed in the next major version
Connected to DB
Starting full Paris import (radius 10km). This may take time.
Fetching page 1 (maxLength=1000)
No items returned on page 1 - import complete.
Import finished. Total processed: 0
Launching import partition: {"locations":[{"lat":48.816,"lon":2.352,"radius":3}],"minPrice":0,"maxPrice":200000}
(node:10304) [MONGOOSE] Warning: Duplicate schema index on {"land_value_num":1} found. This is often due to declaring an index using both "index: true" and "schema.index()". Please remove the duplicate index definition.
(Use `node --trace-warnings ...` to show where the warning was created)
(node:10304) [MONGOOSE] Warning: Duplicate schema index on {"lot1_surface_carrez_num":1} found. This is often due to declaring an index using both "index: true" and "schema.index()". Please remove the duplicate index definition.
(node:10304) [MONGODB DRIVER] Warning: useNewUrlParser is a deprecated option: useNewUrlParser has no effect since Node.js Driver version 4.0.0 and will be removed in the next major version
(node:10304) [MONGODB DRIVER] Warning: useUnifiedTopology is a deprecated option: useUnifiedTopology has no effect since Node.js Driver version 4.0.0 and will be removed in the next major version
Connected to DB
Starting full Paris import (radius 10km). This may take time.
Fetching page 1 (maxLength=1000)
No items returned on page 1 - import complete.
Import finished. Total processed: 0
Launching import partition: {"locations":[{"lat":48.816,"lon":2.352,"radius":3}],"minPrice":0,"maxPrice":200000}
(node:10307) [MONGOOSE] Warning: Duplicate schema index on {"land_value_num":1} found. This is often due to declaring an index using both "index: true" and "schema.index()". Please remove the duplicate index definition.
(Use `node --trace-warnings ...` to show where the warning was created)
(node:10307) [MONGOOSE] Warning: Duplicate schema index on {"lot1_surface_carrez_num":1} found. This is often due to declaring an index using both "index: true" and "schema.index()". Please remove the duplicate index definition.
(node:10307) [MONGODB DRIVER] Warning: useNewUrlParser is a deprecated option: useNewUrlParser has no effect since Node.js Driver version 4.0.0 and will be removed in the next major version
(node:10307) [MONGODB DRIVER] Warning: useUnifiedTopology is a deprecated option: useUnifiedTopology has no effect since Node.js Driver version 4.0.0 and will be removed in the next major version
Connected to DB
Starting full Paris import (radius 10km). This may take time.
Fetching page 1 (maxLength=1000)
No items returned on page 1 - import complete.
Import finished. Total processed: 0
Launching import partition: {"locations":[{"lat":48.816,"lon":2.352,"radius":3}],"minPrice":200001,"maxPrice":400000}
(node:10310) [MONGOOSE] Warning: Duplicate schema index on {"land_value_num":1} found. This is often due to declaring an index using both "index: true" and "schema.index()". Please remove the duplicate index definition.
(Use `node --trace-warnings ...` to show where the warning was created)
(node:10310) [MONGOOSE] Warning: Duplicate schema index on {"lot1_surface_carrez_num":1} found. This is often due to declaring an index using both "index: true" and "schema.index()". Please remove the duplicate index definition.
(node:10310) [MONGODB DRIVER] Warning: useNewUrlParser is a deprecated option: useNewUrlParser has no effect since Node.js Driver version 4.0.0 and will be removed in the next major version
(node:10310) [MONGODB DRIVER] Warning: useUnifiedTopology is a deprecated option: useUnifiedTopology has no effect since Node.js Driver version 4.0.0 and will be removed in the next major version
Connected to DB
Starting full Paris import (radius 10km). This may take time.
Fetching page 1 (maxLength=1000)
No items returned on page 1 - import complete.
Import finished. Total processed: 0
Launching import partition: {"locations":[{"lat":48.816,"lon":2.352,"radius":3}],"minPrice":200001,"maxPrice":400000}
(node:10313) [MONGOOSE] Warning: Duplicate schema index on {"land_value_num":1} found. This is often due to declaring an index using both "index: true" and "schema.index()". Please remove the duplicate index definition.
(Use `node --trace-warnings ...` to show where the warning was created)
(node:10313) [MONGOOSE] Warning: Duplicate schema index on {"lot1_surface_carrez_num":1} found. This is often due to declaring an index using both "index: true" and "schema.index()". Please remove the duplicate index definition.
(node:10313) [MONGODB DRIVER] Warning: useNewUrlParser is a deprecated option: useNewUrlParser has no effect since Node.js Driver version 4.0.0 and will be removed in the next major version
(node:10313) [MONGODB DRIVER] Warning: useUnifiedTopology is a deprecated option: useUnifiedTopology has no effect since Node.js Driver version 4.0.0 and will be removed in the next major version
Connected to DB
Starting full Paris import (radius 10km). This may take time.
Fetching page 1 (maxLength=1000)
No items returned on page 1 - import complete.
Import finished. Total processed: 0
Launching import partition: {"locations":[{"lat":48.816,"lon":2.352,"radius":3}],"minPrice":400001,"maxPrice":600000}
(node:10316) [MONGOOSE] Warning: Duplicate schema index on {"land_value_num":1} found. This is often due to declaring an index using both "index: true" and "schema.index()". Please remove the duplicate index definition.
(Use `node --trace-warnings ...` to show where the warning was created)
(node:10316) [MONGOOSE] Warning: Duplicate schema index on {"lot1_surface_carrez_num":1} found. This is often due to declaring an index using both "index: true" and "schema.index()". Please remove the duplicate index definition.
(node:10316) [MONGODB DRIVER] Warning: useNewUrlParser is a deprecated option: useNewUrlParser has no effect since Node.js Driver version 4.0.0 and will be removed in the next major version
(node:10316) [MONGODB DRIVER] Warning: useUnifiedTopology is a deprecated option: useUnifiedTopology has no effect since Node.js Driver version 4.0.0 and will be removed in the next major version
Connected to DB
Starting full Paris import (radius 10km). This may take time.
Fetching page 1 (maxLength=1000)
No items returned on page 1 - import complete.
Import finished. Total processed: 0
Launching import partition: {"locations":[{"lat":48.816,"lon":2.352,"radius":3}],"minPrice":400001,"maxPrice":600000}
(node:10319) [MONGOOSE] Warning: Duplicate schema index on {"land_value_num":1} found. This is often due to declaring an index using both "index: true" and "schema.index()". Please remove the duplicate index definition.
(Use `node --trace-warnings ...` to show where the warning was created)
(node:10319) [MONGOOSE] Warning: Duplicate schema index on {"lot1_surface_carrez_num":1} found. This is often due to declaring an index using both "index: true" and "schema.index()". Please remove the duplicate index definition.
(node:10319) [MONGODB DRIVER] Warning: useNewUrlParser is a deprecated option: useNewUrlParser has no effect since Node.js Driver version 4.0.0 and will be removed in the next major version
(node:10319) [MONGODB DRIVER] Warning: useUnifiedTopology is a deprecated option: useUnifiedTopology has no effect since Node.js Driver version 4.0.0 and will be removed in the next major version
Connected to DB
Starting full Paris import (radius 10km). This may take time.
Fetching page 1 (maxLength=1000)
No items returned on page 1 - import complete.
Import finished. Total processed: 0
Launching import partition: {"locations":[{"lat":48.816,"lon":2.352,"radius":3}],"minPrice":600001,"maxPrice":800000}
(node:10322) [MONGOOSE] Warning: Duplicate schema index on {"land_value_num":1} found. This is often due to declaring an index using both "index: true" and "schema.index()". Please remove the duplicate index definition.
(Use `node --trace-warnings ...` to show where the warning was created)
(node:10322) [MONGOOSE] Warning: Duplicate schema index on {"lot1_surface_carrez_num":1} found. This is often due to declaring an index using both "index: true" and "schema.index()". Please remove the duplicate index definition.
(node:10322) [MONGODB DRIVER] Warning: useNewUrlParser is a deprecated option: useNewUrlParser has no effect since Node.js Driver version 4.0.0 and will be removed in the next major version
(node:10322) [MONGODB DRIVER] Warning: useUnifiedTopology is a deprecated option: useUnifiedTopology has no effect since Node.js Driver version 4.0.0 and will be removed in the next major version
Connected to DB
Starting full Paris import (radius 10km). This may take time.
Fetching page 1 (maxLength=1000)
No items returned on page 1 - import complete.
Import finished. Total processed: 0
Launching import partition: {"locations":[{"lat":48.816,"lon":2.352,"radius":3}],"minPrice":600001,"maxPrice":800000}
(node:10325) [MONGOOSE] Warning: Duplicate schema index on {"land_value_num":1} found. This is often due to declaring an index using both "index: true" and "schema.index()". Please remove the duplicate index definition.
(Use `node --trace-warnings ...` to show where the warning was created)
(node:10325) [MONGOOSE] Warning: Duplicate schema index on {"lot1_surface_carrez_num":1} found. This is often due to declaring an index using both "index: true" and "schema.index()". Please remove the duplicate index definition.
(node:10325) [MONGODB DRIVER] Warning: useNewUrlParser is a deprecated option: useNewUrlParser has no effect since Node.js Driver version 4.0.0 and will be removed in the next major version
(node:10325) [MONGODB DRIVER] Warning: useUnifiedTopology is a deprecated option: useUnifiedTopology has no effect since Node.js Driver version 4.0.0 and will be removed in the next major version
Connected to DB
Starting full Paris import (radius 10km). This may take time.
Fetching page 1 (maxLength=1000)
No items returned on page 1 - import complete.
Import finished. Total processed: 0
Launching import partition: {"locations":[{"lat":48.816,"lon":2.352,"radius":3}],"minPrice":800001,"maxPrice":1000000}
(node:10328) [MONGOOSE] Warning: Duplicate schema index on {"land_value_num":1} found. This is often due to declaring an index using both "index: true" and "schema.index()". Please remove the duplicate index definition.
(Use `node --trace-warnings ...` to show where the warning was created)
(node:10328) [MONGOOSE] Warning: Duplicate schema index on {"lot1_surface_carrez_num":1} found. This is often due to declaring an index using both "index: true" and "schema.index()". Please remove the duplicate index definition.
(node:10328) [MONGODB DRIVER] Warning: useNewUrlParser is a deprecated option: useNewUrlParser has no effect since Node.js Driver version 4.0.0 and will be removed in the next major version
(node:10328) [MONGODB DRIVER] Warning: useUnifiedTopology is a deprecated option: useUnifiedTopology has no effect since Node.js Driver version 4.0.0 and will be removed in the next major version
Connected to DB
Starting full Paris import (radius 10km). This may take time.
Fetching page 1 (maxLength=1000)
No items returned on page 1 - import complete.
Import finished. Total processed: 0
Launching import partition: {"locations":[{"lat":48.816,"lon":2.352,"radius":3}],"minPrice":800001,"maxPrice":1000000}
(node:10331) [MONGOOSE] Warning: Duplicate schema index on {"land_value_num":1} found. This is often due to declaring an index using both "index: true" and "schema.index()". Please remove the duplicate index definition.
(Use `node --trace-warnings ...` to show where the warning was created)
(node:10331) [MONGOOSE] Warning: Duplicate schema index on {"lot1_surface_carrez_num":1} found. This is often due to declaring an index using both "index: true" and "schema.index()". Please remove the duplicate index definition.
(node:10331) [MONGODB DRIVER] Warning: useNewUrlParser is a deprecated option: useNewUrlParser has no effect since Node.js Driver version 4.0.0 and will be removed in the next major version
(node:10331) [MONGODB DRIVER] Warning: useUnifiedTopology is a deprecated option: useUnifiedTopology has no effect since Node.js Driver version 4.0.0 and will be removed in the next major version
Connected to DB
Starting full Paris import (radius 10km). This may take time.
Fetching page 1 (maxLength=1000)
No items returned on page 1 - import complete.
Import finished. Total processed: 0
Launching import partition: {"locations":[{"lat":48.816,"lon":2.352,"radius":3}],"minPrice":1000001,"maxPrice":5000000}
(node:10334) [MONGOOSE] Warning: Duplicate schema index on {"land_value_num":1} found. This is often due to declaring an index using both "index: true" and "schema.index()". Please remove the duplicate index definition.
(Use `node --trace-warnings ...` to show where the warning was created)
(node:10334) [MONGOOSE] Warning: Duplicate schema index on {"lot1_surface_carrez_num":1} found. This is often due to declaring an index using both "index: true" and "schema.index()". Please remove the duplicate index definition.
(node:10334) [MONGODB DRIVER] Warning: useNewUrlParser is a deprecated option: useNewUrlParser has no effect since Node.js Driver version 4.0.0 and will be removed in the next major version
(node:10334) [MONGODB DRIVER] Warning: useUnifiedTopology is a deprecated option: useUnifiedTopology has no effect since Node.js Driver version 4.0.0 and will be removed in the next major version
Connected to DB
Starting full Paris import (radius 10km). This may take time.
Fetching page 1 (maxLength=1000)
No items returned on page 1 - import complete.
Import finished. Total processed: 0
Launching import partition: {"locations":[{"lat":48.816,"lon":2.352,"radius":3}],"minPrice":1000001,"maxPrice":5000000}
(node:10337) [MONGOOSE] Warning: Duplicate schema index on {"land_value_num":1} found. This is often due to declaring an index using both "index: true" and "schema.index()". Please remove the duplicate index definition.
(Use `node --trace-warnings ...` to show where the warning was created)
(node:10337) [MONGOOSE] Warning: Duplicate schema index on {"lot1_surface_carrez_num":1} found. This is often due to declaring an index using both "index: true" and "schema.index()". Please remove the duplicate index definition.
(node:10337) [MONGODB DRIVER] Warning: useNewUrlParser is a deprecated option: useNewUrlParser has no effect since Node.js Driver version 4.0.0 and will be removed in the next major version
(node:10337) [MONGODB DRIVER] Warning: useUnifiedTopology is a deprecated option: useUnifiedTopology has no effect since Node.js Driver version 4.0.0 and will be removed in the next major version
Connected to DB
Starting full Paris import (radius 10km). This may take time.
Fetching page 1 (maxLength=1000)
No items returned on page 1 - import complete.
Import finished. Total processed: 0

=== Orchestrating for Lille ===
Will run 84 partitions for Lille
Launching import partition: {"locations":[{"lat":50.62925,"lon":3.057256,"radius":3}],"minPrice":0,"maxPrice":200000}
(node:10340) [MONGOOSE] Warning: Duplicate schema index on {"land_value_num":1} found. This is often due to declaring an index using both "index: true" and "schema.index()". Please remove the duplicate index definition.
(Use `node --trace-warnings ...` to show where the warning was created)
(node:10340) [MONGOOSE] Warning: Duplicate schema index on {"lot1_surface_carrez_num":1} found. This is often due to declaring an index using both "index: true" and "schema.index()". Please remove the duplicate index definition.
(node:10340) [MONGODB DRIVER] Warning: useNewUrlParser is a deprecated option: useNewUrlParser has no effect since Node.js Driver version 4.0.0 and will be removed in the next major version
(node:10340) [MONGODB DRIVER] Warning: useUnifiedTopology is a deprecated option: useUnifiedTopology has no effect since Node.js Driver version 4.0.0 and will be removed in the next major version
Connected to DB
Starting full Paris import (radius 10km). This may take time.
Fetching page 1 (maxLength=1000)
No items returned on page 1 - import complete.
Import finished. Total processed: 0
Launching import partition: {"locations":[{"lat":50.62925,"lon":3.057256,"radius":3}],"minPrice":0,"maxPrice":200000}
(node:10343) [MONGOOSE] Warning: Duplicate schema index on {"land_value_num":1} found. This is often due to declaring an index using both "index: true" and "schema.index()". Please remove the duplicate index definition.
(Use `node --trace-warnings ...` to show where the warning was created)
(node:10343) [MONGOOSE] Warning: Duplicate schema index on {"lot1_surface_carrez_num":1} found. This is often due to declaring an index using both "index: true" and "schema.index()". Please remove the duplicate index definition.
(node:10343) [MONGODB DRIVER] Warning: useNewUrlParser is a deprecated option: useNewUrlParser has no effect since Node.js Driver version 4.0.0 and will be removed in the next major version
(node:10343) [MONGODB DRIVER] Warning: useUnifiedTopology is a deprecated option: useUnifiedTopology has no effect since Node.js Driver version 4.0.0 and will be removed in the next major version
Connected to DB
Starting full Paris import (radius 10km). This may take time.
Fetching page 1 (maxLength=1000)
No items returned on page 1 - import complete.
Import finished. Total processed: 0
Launching import partition: {"locations":[{"lat":50.62925,"lon":3.057256,"radius":3}],"minPrice":200001,"maxPrice":400000}
(node:10347) [MONGOOSE] Warning: Duplicate schema index on {"land_value_num":1} found. This is often due to declaring an index using both "index: true" and "schema.index()". Please remove the duplicate index definition.
(Use `node --trace-warnings ...` to show where the warning was created)
(node:10347) [MONGOOSE] Warning: Duplicate schema index on {"lot1_surface_carrez_num":1} found. This is often due to declaring an index using both "index: true" and "schema.index()". Please remove the duplicate index definition.
(node:10347) [MONGODB DRIVER] Warning: useNewUrlParser is a deprecated option: useNewUrlParser has no effect since Node.js Driver version 4.0.0 and will be removed in the next major version
(node:10347) [MONGODB DRIVER] Warning: useUnifiedTopology is a deprecated option: useUnifiedTopology has no effect since Node.js Driver version 4.0.0 and will be removed in the next major version
Connected to DB
Starting full Paris import (radius 10km). This may take time.
Fetching page 1 (maxLength=1000)
No items returned on page 1 - import complete.
Import finished. Total processed: 0
Launching import partition: {"locations":[{"lat":50.62925,"lon":3.057256,"radius":3}],"minPrice":200001,"maxPrice":400000}
(node:10350) [MONGOOSE] Warning: Duplicate schema index on {"land_value_num":1} found. This is often due to declaring an index using both "index: true" and "schema.index()". Please remove the duplicate index definition.
(Use `node --trace-warnings ...` to show where the warning was created)
(node:10350) [MONGOOSE] Warning: Duplicate schema index on {"lot1_surface_carrez_num":1} found. This is often due to declaring an index using both "index: true" and "schema.index()". Please remove the duplicate index definition.
(node:10350) [MONGODB DRIVER] Warning: useNewUrlParser is a deprecated option: useNewUrlParser has no effect since Node.js Driver version 4.0.0 and will be removed in the next major version
(node:10350) [MONGODB DRIVER] Warning: useUnifiedTopology is a deprecated option: useUnifiedTopology has no effect since Node.js Driver version 4.0.0 and will be removed in the next major version
Connected to DB
Starting full Paris import (radius 10km). This may take time.
Fetching page 1 (maxLength=1000)
No items returned on page 1 - import complete.
Import finished. Total processed: 0
Launching import partition: {"locations":[{"lat":50.62925,"lon":3.057256,"radius":3}],"minPrice":400001,"maxPrice":600000}
(node:10353) [MONGOOSE] Warning: Duplicate schema index on {"land_value_num":1} found. This is often due to declaring an index using both "index: true" and "schema.index()". Please remove the duplicate index definition.
(Use `node --trace-warnings ...` to show where the warning was created)
(node:10353) [MONGOOSE] Warning: Duplicate schema index on {"lot1_surface_carrez_num":1} found. This is often due to declaring an index using both "index: true" and "schema.index()". Please remove the duplicate index definition.
(node:10353) [MONGODB DRIVER] Warning: useNewUrlParser is a deprecated option: useNewUrlParser has no effect since Node.js Driver version 4.0.0 and will be removed in the next major version
(node:10353) [MONGODB DRIVER] Warning: useUnifiedTopology is a deprecated option: useUnifiedTopology has no effect since Node.js Driver version 4.0.0 and will be removed in the next major version
Connected to DB
Starting full Paris import (radius 10km). This may take time.
Fetching page 1 (maxLength=1000)
No items returned on page 1 - import complete.
Import finished. Total processed: 0
Launching import partition: {"locations":[{"lat":50.62925,"lon":3.057256,"radius":3}],"minPrice":400001,"maxPrice":600000}
(node:10356) [MONGOOSE] Warning: Duplicate schema index on {"land_value_num":1} found. This is often due to declaring an index using both "index: true" and "schema.index()". Please remove the duplicate index definition.
(Use `node --trace-warnings ...` to show where the warning was created)
(node:10356) [MONGOOSE] Warning: Duplicate schema index on {"lot1_surface_carrez_num":1} found. This is often due to declaring an index using both "index: true" and "schema.index()". Please remove the duplicate index definition.
(node:10356) [MONGODB DRIVER] Warning: useNewUrlParser is a deprecated option: useNewUrlParser has no effect since Node.js Driver version 4.0.0 and will be removed in the next major version
(node:10356) [MONGODB DRIVER] Warning: useUnifiedTopology is a deprecated option: useUnifiedTopology has no effect since Node.js Driver version 4.0.0 and will be removed in the next major version
Connected to DB
Starting full Paris import (radius 10km). This may take time.
Fetching page 1 (maxLength=1000)
No items returned on page 1 - import complete.
Import finished. Total processed: 0
Launching import partition: {"locations":[{"lat":50.62925,"lon":3.057256,"radius":3}],"minPrice":600001,"maxPrice":800000}
(node:10360) [MONGOOSE] Warning: Duplicate schema index on {"land_value_num":1} found. This is often due to declaring an index using both "index: true" and "schema.index()". Please remove the duplicate index definition.
(Use `node --trace-warnings ...` to show where the warning was created)
(node:10360) [MONGOOSE] Warning: Duplicate schema index on {"lot1_surface_carrez_num":1} found. This is often due to declaring an index using both "index: true" and "schema.index()". Please remove the duplicate index definition.
(node:10360) [MONGODB DRIVER] Warning: useNewUrlParser is a deprecated option: useNewUrlParser has no effect since Node.js Driver version 4.0.0 and will be removed in the next major version
(node:10360) [MONGODB DRIVER] Warning: useUnifiedTopology is a deprecated option: useUnifiedTopology has no effect since Node.js Driver version 4.0.0 and will be removed in the next major version
Connected to DB
Starting full Paris import (radius 10km). This may take time.
Fetching page 1 (maxLength=1000)
No items returned on page 1 - import complete.
Import finished. Total processed: 0
Launching import partition: {"locations":[{"lat":50.62925,"lon":3.057256,"radius":3}],"minPrice":600001,"maxPrice":800000}
(node:10363) [MONGOOSE] Warning: Duplicate schema index on {"land_value_num":1} found. This is often due to declaring an index using both "index: true" and "schema.index()". Please remove the duplicate index definition.
(Use `node --trace-warnings ...` to show where the warning was created)
(node:10363) [MONGOOSE] Warning: Duplicate schema index on {"lot1_surface_carrez_num":1} found. This is often due to declaring an index using both "index: true" and "schema.index()". Please remove the duplicate index definition.
(node:10363) [MONGODB DRIVER] Warning: useNewUrlParser is a deprecated option: useNewUrlParser has no effect since Node.js Driver version 4.0.0 and will be removed in the next major version
(node:10363) [MONGODB DRIVER] Warning: useUnifiedTopology is a deprecated option: useUnifiedTopology has no effect since Node.js Driver version 4.0.0 and will be removed in the next major version
Connected to DB
Starting full Paris import (radius 10km). This may take time.
Fetching page 1 (maxLength=1000)
No items returned on page 1 - import complete.
Import finished. Total processed: 0
Launching import partition: {"locations":[{"lat":50.62925,"lon":3.057256,"radius":3}],"minPrice":800001,"maxPrice":1000000}
(node:10366) [MONGOOSE] Warning: Duplicate schema index on {"land_value_num":1} found. This is often due to declaring an index using both "index: true" and "schema.index()". Please remove the duplicate index definition.
(Use `node --trace-warnings ...` to show where the warning was created)
(node:10366) [MONGOOSE] Warning: Duplicate schema index on {"lot1_surface_carrez_num":1} found. This is often due to declaring an index using both "index: true" and "schema.index()". Please remove the duplicate index definition.
(node:10366) [MONGODB DRIVER] Warning: useNewUrlParser is a deprecated option: useNewUrlParser has no effect since Node.js Driver version 4.0.0 and will be removed in the next major version
(node:10366) [MONGODB DRIVER] Warning: useUnifiedTopology is a deprecated option: useUnifiedTopology has no effect since Node.js Driver version 4.0.0 and will be removed in the next major version
Connected to DB
Starting full Paris import (radius 10km). This may take time.
Fetching page 1 (maxLength=1000)
No items returned on page 1 - import complete.
Import finished. Total processed: 0
Launching import partition: {"locations":[{"lat":50.62925,"lon":3.057256,"radius":3}],"minPrice":800001,"maxPrice":1000000}
(node:10369) [MONGOOSE] Warning: Duplicate schema index on {"land_value_num":1} found. This is often due to declaring an index using both "index: true" and "schema.index()". Please remove the duplicate index definition.
(Use `node --trace-warnings ...` to show where the warning was created)
(node:10369) [MONGOOSE] Warning: Duplicate schema index on {"lot1_surface_carrez_num":1} found. This is often due to declaring an index using both "index: true" and "schema.index()". Please remove the duplicate index definition.
(node:10369) [MONGODB DRIVER] Warning: useNewUrlParser is a deprecated option: useNewUrlParser has no effect since Node.js Driver version 4.0.0 and will be removed in the next major version
(node:10369) [MONGODB DRIVER] Warning: useUnifiedTopology is a deprecated option: useUnifiedTopology has no effect since Node.js Driver version 4.0.0 and will be removed in the next major version
Connected to DB
Starting full Paris import (radius 10km). This may take time.
Fetching page 1 (maxLength=1000)
No items returned on page 1 - import complete.
Import finished. Total processed: 0
Launching import partition: {"locations":[{"lat":50.62925,"lon":3.057256,"radius":3}],"minPrice":1000001,"maxPrice":5000000}
(node:10372) [MONGOOSE] Warning: Duplicate schema index on {"land_value_num":1} found. This is often due to declaring an index using both "index: true" and "schema.index()". Please remove the duplicate index definition.
(Use `node --trace-warnings ...` to show where the warning was created)
(node:10372) [MONGOOSE] Warning: Duplicate schema index on {"lot1_surface_carrez_num":1} found. This is often due to declaring an index using both "index: true" and "schema.index()". Please remove the duplicate index definition.
(node:10372) [MONGODB DRIVER] Warning: useNewUrlParser is a deprecated option: useNewUrlParser has no effect since Node.js Driver version 4.0.0 and will be removed in the next major version
(node:10372) [MONGODB DRIVER] Warning: useUnifiedTopology is a deprecated option: useUnifiedTopology has no effect since Node.js Driver version 4.0.0 and will be removed in the next major version
Connected to DB
Starting full Paris import (radius 10km). This may take time.
Fetching page 1 (maxLength=1000)
No items returned on page 1 - import complete.
Import finished. Total processed: 0
Launching import partition: {"locations":[{"lat":50.62925,"lon":3.057256,"radius":3}],"minPrice":1000001,"maxPrice":5000000}
(node:10375) [MONGOOSE] Warning: Duplicate schema index on {"land_value_num":1} found. This is often due to declaring an index using both "index: true" and "schema.index()". Please remove the duplicate index definition.
(Use `node --trace-warnings ...` to show where the warning was created)
(node:10375) [MONGOOSE] Warning: Duplicate schema index on {"lot1_surface_carrez_num":1} found. This is often due to declaring an index using both "index: true" and "schema.index()". Please remove the duplicate index definition.
(node:10375) [MONGODB DRIVER] Warning: useNewUrlParser is a deprecated option: useNewUrlParser has no effect since Node.js Driver version 4.0.0 and will be removed in the next major version
(node:10375) [MONGODB DRIVER] Warning: useUnifiedTopology is a deprecated option: useUnifiedTopology has no effect since Node.js Driver version 4.0.0 and will be removed in the next major version
Connected to DB
Starting full Paris import (radius 10km). This may take time.
Fetching page 1 (maxLength=1000)
No items returned on page 1 - import complete.
Import finished. Total processed: 0
Launching import partition: {"locations":[{"lat":50.65925,"lon":3.057256,"radius":3}],"minPrice":0,"maxPrice":200000}
(node:10378) [MONGOOSE] Warning: Duplicate schema index on {"land_value_num":1} found. This is often due to declaring an index using both "index: true" and "schema.index()". Please remove the duplicate index definition.
(Use `node --trace-warnings ...` to show where the warning was created)
(node:10378) [MONGOOSE] Warning: Duplicate schema index on {"lot1_surface_carrez_num":1} found. This is often due to declaring an index using both "index: true" and "schema.index()". Please remove the duplicate index definition.
(node:10378) [MONGODB DRIVER] Warning: useNewUrlParser is a deprecated option: useNewUrlParser has no effect since Node.js Driver version 4.0.0 and will be removed in the next major version
(node:10378) [MONGODB DRIVER] Warning: useUnifiedTopology is a deprecated option: useUnifiedTopology has no effect since Node.js Driver version 4.0.0 and will be removed in the next major version
Connected to DB
Starting full Paris import (radius 10km). This may take time.
Fetching page 1 (maxLength=1000)
No items returned on page 1 - import complete.
Import finished. Total processed: 0
Launching import partition: {"locations":[{"lat":50.65925,"lon":3.057256,"radius":3}],"minPrice":0,"maxPrice":200000}
(node:10382) [MONGOOSE] Warning: Duplicate schema index on {"land_value_num":1} found. This is often due to declaring an index using both "index: true" and "schema.index()". Please remove the duplicate index definition.
(Use `node --trace-warnings ...` to show where the warning was created)
(node:10382) [MONGOOSE] Warning: Duplicate schema index on {"lot1_surface_carrez_num":1} found. This is often due to declaring an index using both "index: true" and "schema.index()". Please remove the duplicate index definition.
(node:10382) [MONGODB DRIVER] Warning: useNewUrlParser is a deprecated option: useNewUrlParser has no effect since Node.js Driver version 4.0.0 and will be removed in the next major version
(node:10382) [MONGODB DRIVER] Warning: useUnifiedTopology is a deprecated option: useUnifiedTopology has no effect since Node.js Driver version 4.0.0 and will be removed in the next major version
Connected to DB
Starting full Paris import (radius 10km). This may take time.
Fetching page 1 (maxLength=1000)
No items returned on page 1 - import complete.
Import finished. Total processed: 0
Launching import partition: {"locations":[{"lat":50.65925,"lon":3.057256,"radius":3}],"minPrice":200001,"maxPrice":400000}
(node:10385) [MONGOOSE] Warning: Duplicate schema index on {"land_value_num":1} found. This is often due to declaring an index using both "index: true" and "schema.index()". Please remove the duplicate index definition.
(Use `node --trace-warnings ...` to show where the warning was created)
(node:10385) [MONGOOSE] Warning: Duplicate schema index on {"lot1_surface_carrez_num":1} found. This is often due to declaring an index using both "index: true" and "schema.index()". Please remove the duplicate index definition.
(node:10385) [MONGODB DRIVER] Warning: useNewUrlParser is a deprecated option: useNewUrlParser has no effect since Node.js Driver version 4.0.0 and will be removed in the next major version
(node:10385) [MONGODB DRIVER] Warning: useUnifiedTopology is a deprecated option: useUnifiedTopology has no effect since Node.js Driver version 4.0.0 and will be removed in the next major version
Connected to DB
Starting full Paris import (radius 10km). This may take time.
Fetching page 1 (maxLength=1000)
No items returned on page 1 - import complete.
Import finished. Total processed: 0
Launching import partition: {"locations":[{"lat":50.65925,"lon":3.057256,"radius":3}],"minPrice":200001,"maxPrice":400000}
(node:10388) [MONGOOSE] Warning: Duplicate schema index on {"land_value_num":1} found. This is often due to declaring an index using both "index: true" and "schema.index()". Please remove the duplicate index definition.
(Use `node --trace-warnings ...` to show where the warning was created)
(node:10388) [MONGOOSE] Warning: Duplicate schema index on {"lot1_surface_carrez_num":1} found. This is often due to declaring an index using both "index: true" and "schema.index()". Please remove the duplicate index definition.
(node:10388) [MONGODB DRIVER] Warning: useNewUrlParser is a deprecated option: useNewUrlParser has no effect since Node.js Driver version 4.0.0 and will be removed in the next major version
(node:10388) [MONGODB DRIVER] Warning: useUnifiedTopology is a deprecated option: useUnifiedTopology has no effect since Node.js Driver version 4.0.0 and will be removed in the next major version
Connected to DB
Starting full Paris import (radius 10km). This may take time.
Fetching page 1 (maxLength=1000)
No items returned on page 1 - import complete.
Import finished. Total processed: 0
Launching import partition: {"locations":[{"lat":50.65925,"lon":3.057256,"radius":3}],"minPrice":400001,"maxPrice":600000}
(node:10391) [MONGOOSE] Warning: Duplicate schema index on {"land_value_num":1} found. This is often due to declaring an index using both "index: true" and "schema.index()". Please remove the duplicate index definition.
(Use `node --trace-warnings ...` to show where the warning was created)
(node:10391) [MONGOOSE] Warning: Duplicate schema index on {"lot1_surface_carrez_num":1} found. This is often due to declaring an index using both "index: true" and "schema.index()". Please remove the duplicate index definition.
(node:10391) [MONGODB DRIVER] Warning: useNewUrlParser is a deprecated option: useNewUrlParser has no effect since Node.js Driver version 4.0.0 and will be removed in the next major version
(node:10391) [MONGODB DRIVER] Warning: useUnifiedTopology is a deprecated option: useUnifiedTopology has no effect since Node.js Driver version 4.0.0 and will be removed in the next major version
Connected to DB
Starting full Paris import (radius 10km). This may take time.
Fetching page 1 (maxLength=1000)
No items returned on page 1 - import complete.
Import finished. Total processed: 0
Launching import partition: {"locations":[{"lat":50.65925,"lon":3.057256,"radius":3}],"minPrice":400001,"maxPrice":600000}
(node:10394) [MONGOOSE] Warning: Duplicate schema index on {"land_value_num":1} found. This is often due to declaring an index using both "index: true" and "schema.index()". Please remove the duplicate index definition.
(Use `node --trace-warnings ...` to show where the warning was created)
(node:10394) [MONGOOSE] Warning: Duplicate schema index on {"lot1_surface_carrez_num":1} found. This is often due to declaring an index using both "index: true" and "schema.index()". Please remove the duplicate index definition.
(node:10394) [MONGODB DRIVER] Warning: useNewUrlParser is a deprecated option: useNewUrlParser has no effect since Node.js Driver version 4.0.0 and will be removed in the next major version
(node:10394) [MONGODB DRIVER] Warning: useUnifiedTopology is a deprecated option: useUnifiedTopology has no effect since Node.js Driver version 4.0.0 and will be removed in the next major version
Connected to DB
Starting full Paris import (radius 10km). This may take time.
Fetching page 1 (maxLength=1000)
No items returned on page 1 - import complete.
Import finished. Total processed: 0
Launching import partition: {"locations":[{"lat":50.65925,"lon":3.057256,"radius":3}],"minPrice":600001,"maxPrice":800000}
(node:10397) [MONGOOSE] Warning: Duplicate schema index on {"land_value_num":1} found. This is often due to declaring an index using both "index: true" and "schema.index()". Please remove the duplicate index definition.
(Use `node --trace-warnings ...` to show where the warning was created)
(node:10397) [MONGOOSE] Warning: Duplicate schema index on {"lot1_surface_carrez_num":1} found. This is often due to declaring an index using both "index: true" and "schema.index()". Please remove the duplicate index definition.
(node:10397) [MONGODB DRIVER] Warning: useNewUrlParser is a deprecated option: useNewUrlParser has no effect since Node.js Driver version 4.0.0 and will be removed in the next major version
(node:10397) [MONGODB DRIVER] Warning: useUnifiedTopology is a deprecated option: useUnifiedTopology has no effect since Node.js Driver version 4.0.0 and will be removed in the next major version
Connected to DB
Starting full Paris import (radius 10km). This may take time.
Fetching page 1 (maxLength=1000)
No items returned on page 1 - import complete.
Import finished. Total processed: 0
Launching import partition: {"locations":[{"lat":50.65925,"lon":3.057256,"radius":3}],"minPrice":600001,"maxPrice":800000}
(node:10401) [MONGOOSE] Warning: Duplicate schema index on {"land_value_num":1} found. This is often due to declaring an index using both "index: true" and "schema.index()". Please remove the duplicate index definition.
(Use `node --trace-warnings ...` to show where the warning was created)
(node:10401) [MONGOOSE] Warning: Duplicate schema index on {"lot1_surface_carrez_num":1} found. This is often due to declaring an index using both "index: true" and "schema.index()". Please remove the duplicate index definition.
(node:10401) [MONGODB DRIVER] Warning: useNewUrlParser is a deprecated option: useNewUrlParser has no effect since Node.js Driver version 4.0.0 and will be removed in the next major version
(node:10401) [MONGODB DRIVER] Warning: useUnifiedTopology is a deprecated option: useUnifiedTopology has no effect since Node.js Driver version 4.0.0 and will be removed in the next major version
Connected to DB
Starting full Paris import (radius 10km). This may take time.
Fetching page 1 (maxLength=1000)
No items returned on page 1 - import complete.
Import finished. Total processed: 0
Launching import partition: {"locations":[{"lat":50.65925,"lon":3.057256,"radius":3}],"minPrice":800001,"maxPrice":1000000}
(node:10404) [MONGOOSE] Warning: Duplicate schema index on {"land_value_num":1} found. This is often due to declaring an index using both "index: true" and "schema.index()". Please remove the duplicate index definition.
(Use `node --trace-warnings ...` to show where the warning was created)
(node:10404) [MONGOOSE] Warning: Duplicate schema index on {"lot1_surface_carrez_num":1} found. This is often due to declaring an index using both "index: true" and "schema.index()". Please remove the duplicate index definition.
(node:10404) [MONGODB DRIVER] Warning: useNewUrlParser is a deprecated option: useNewUrlParser has no effect since Node.js Driver version 4.0.0 and will be removed in the next major version
(node:10404) [MONGODB DRIVER] Warning: useUnifiedTopology is a deprecated option: useUnifiedTopology has no effect since Node.js Driver version 4.0.0 and will be removed in the next major version
Connected to DB
Starting full Paris import (radius 10km). This may take time.
Fetching page 1 (maxLength=1000)
No items returned on page 1 - import complete.
Import finished. Total processed: 0
Launching import partition: {"locations":[{"lat":50.65925,"lon":3.057256,"radius":3}],"minPrice":800001,"maxPrice":1000000}
(node:10407) [MONGOOSE] Warning: Duplicate schema index on {"land_value_num":1} found. This is often due to declaring an index using both "index: true" and "schema.index()". Please remove the duplicate index definition.
(Use `node --trace-warnings ...` to show where the warning was created)
(node:10407) [MONGOOSE] Warning: Duplicate schema index on {"lot1_surface_carrez_num":1} found. This is often due to declaring an index using both "index: true" and "schema.index()". Please remove the duplicate index definition.
(node:10407) [MONGODB DRIVER] Warning: useNewUrlParser is a deprecated option: useNewUrlParser has no effect since Node.js Driver version 4.0.0 and will be removed in the next major version
(node:10407) [MONGODB DRIVER] Warning: useUnifiedTopology is a deprecated option: useUnifiedTopology has no effect since Node.js Driver version 4.0.0 and will be removed in the next major version
Connected to DB
Starting full Paris import (radius 10km). This may take time.
Fetching page 1 (maxLength=1000)
No items returned on page 1 - import complete.
Import finished. Total processed: 0
Launching import partition: {"locations":[{"lat":50.65925,"lon":3.057256,"radius":3}],"minPrice":1000001,"maxPrice":5000000}
(node:10412) [MONGOOSE] Warning: Duplicate schema index on {"land_value_num":1} found. This is often due to declaring an index using both "index: true" and "schema.index()". Please remove the duplicate index definition.
(Use `node --trace-warnings ...` to show where the warning was created)
(node:10412) [MONGOOSE] Warning: Duplicate schema index on {"lot1_surface_carrez_num":1} found. This is often due to declaring an index using both "index: true" and "schema.index()". Please remove the duplicate index definition.
(node:10412) [MONGODB DRIVER] Warning: useNewUrlParser is a deprecated option: useNewUrlParser has no effect since Node.js Driver version 4.0.0 and will be removed in the next major version
(node:10412) [MONGODB DRIVER] Warning: useUnifiedTopology is a deprecated option: useUnifiedTopology has no effect since Node.js Driver version 4.0.0 and will be removed in the next major version
Connected to DB
Starting full Paris import (radius 10km). This may take time.
Fetching page 1 (maxLength=1000)
No items returned on page 1 - import complete.
Import finished. Total processed: 0
Launching import partition: {"locations":[{"lat":50.65925,"lon":3.057256,"radius":3}],"minPrice":1000001,"maxPrice":5000000}
(node:10415) [MONGOOSE] Warning: Duplicate schema index on {"land_value_num":1} found. This is often due to declaring an index using both "index: true" and "schema.index()". Please remove the duplicate index definition.
(Use `node --trace-warnings ...` to show where the warning was created)
(node:10415) [MONGOOSE] Warning: Duplicate schema index on {"lot1_surface_carrez_num":1} found. This is often due to declaring an index using both "index: true" and "schema.index()". Please remove the duplicate index definition.
(node:10415) [MONGODB DRIVER] Warning: useNewUrlParser is a deprecated option: useNewUrlParser has no effect since Node.js Driver version 4.0.0 and will be removed in the next major version
(node:10415) [MONGODB DRIVER] Warning: useUnifiedTopology is a deprecated option: useUnifiedTopology has no effect since Node.js Driver version 4.0.0 and will be removed in the next major version
Connected to DB
Starting full Paris import (radius 10km). This may take time.
Fetching page 1 (maxLength=1000)
No items returned on page 1 - import complete.
Import finished. Total processed: 0
Launching import partition: {"locations":[{"lat":50.59925,"lon":3.057256,"radius":3}],"minPrice":0,"maxPrice":200000}
(node:10418) [MONGOOSE] Warning: Duplicate schema index on {"land_value_num":1} found. This is often due to declaring an index using both "index: true" and "schema.index()". Please remove the duplicate index definition.
(Use `node --trace-warnings ...` to show where the warning was created)
(node:10418) [MONGOOSE] Warning: Duplicate schema index on {"lot1_surface_carrez_num":1} found. This is often due to declaring an index using both "index: true" and "schema.index()". Please remove the duplicate index definition.
(node:10418) [MONGODB DRIVER] Warning: useNewUrlParser is a deprecated option: useNewUrlParser has no effect since Node.js Driver version 4.0.0 and will be removed in the next major version
(node:10418) [MONGODB DRIVER] Warning: useUnifiedTopology is a deprecated option: useUnifiedTopology has no effect since Node.js Driver version 4.0.0 and will be removed in the next major version
Connected to DB
Starting full Paris import (radius 10km). This may take time.
Fetching page 1 (maxLength=1000)
No items returned on page 1 - import complete.
Import finished. Total processed: 0
Launching import partition: {"locations":[{"lat":50.59925,"lon":3.057256,"radius":3}],"minPrice":0,"maxPrice":200000}
(node:10421) [MONGOOSE] Warning: Duplicate schema index on {"land_value_num":1} found. This is often due to declaring an index using both "index: true" and "schema.index()". Please remove the duplicate index definition.
(Use `node --trace-warnings ...` to show where the warning was created)
(node:10421) [MONGOOSE] Warning: Duplicate schema index on {"lot1_surface_carrez_num":1} found. This is often due to declaring an index using both "index: true" and "schema.index()". Please remove the duplicate index definition.
(node:10421) [MONGODB DRIVER] Warning: useNewUrlParser is a deprecated option: useNewUrlParser has no effect since Node.js Driver version 4.0.0 and will be removed in the next major version
(node:10421) [MONGODB DRIVER] Warning: useUnifiedTopology is a deprecated option: useUnifiedTopology has no effect since Node.js Driver version 4.0.0 and will be removed in the next major version
Connected to DB
Starting full Paris import (radius 10km). This may take time.
Fetching page 1 (maxLength=1000)
No items returned on page 1 - import complete.
Import finished. Total processed: 0
Launching import partition: {"locations":[{"lat":50.59925,"lon":3.057256,"radius":3}],"minPrice":200001,"maxPrice":400000}
(node:10425) [MONGOOSE] Warning: Duplicate schema index on {"land_value_num":1} found. This is often due to declaring an index using both "index: true" and "schema.index()". Please remove the duplicate index definition.
(Use `node --trace-warnings ...` to show where the warning was created)
(node:10425) [MONGOOSE] Warning: Duplicate schema index on {"lot1_surface_carrez_num":1} found. This is often due to declaring an index using both "index: true" and "schema.index()". Please remove the duplicate index definition.
(node:10425) [MONGODB DRIVER] Warning: useNewUrlParser is a deprecated option: useNewUrlParser has no effect since Node.js Driver version 4.0.0 and will be removed in the next major version
(node:10425) [MONGODB DRIVER] Warning: useUnifiedTopology is a deprecated option: useUnifiedTopology has no effect since Node.js Driver version 4.0.0 and will be removed in the next major version
Connected to DB
Starting full Paris import (radius 10km). This may take time.
Fetching page 1 (maxLength=1000)
No items returned on page 1 - import complete.
Import finished. Total processed: 0
Launching import partition: {"locations":[{"lat":50.59925,"lon":3.057256,"radius":3}],"minPrice":200001,"maxPrice":400000}
(node:10429) [MONGOOSE] Warning: Duplicate schema index on {"land_value_num":1} found. This is often due to declaring an index using both "index: true" and "schema.index()". Please remove the duplicate index definition.
(Use `node --trace-warnings ...` to show where the warning was created)
(node:10429) [MONGOOSE] Warning: Duplicate schema index on {"lot1_surface_carrez_num":1} found. This is often due to declaring an index using both "index: true" and "schema.index()". Please remove the duplicate index definition.
(node:10429) [MONGODB DRIVER] Warning: useNewUrlParser is a deprecated option: useNewUrlParser has no effect since Node.js Driver version 4.0.0 and will be removed in the next major version
(node:10429) [MONGODB DRIVER] Warning: useUnifiedTopology is a deprecated option: useUnifiedTopology has no effect since Node.js Driver version 4.0.0 and will be removed in the next major version
Connected to DB
Starting full Paris import (radius 10km). This may take time.
Fetching page 1 (maxLength=1000)
No items returned on page 1 - import complete.
Import finished. Total processed: 0
Launching import partition: {"locations":[{"lat":50.59925,"lon":3.057256,"radius":3}],"minPrice":400001,"maxPrice":600000}
(node:10432) [MONGOOSE] Warning: Duplicate schema index on {"land_value_num":1} found. This is often due to declaring an index using both "index: true" and "schema.index()". Please remove the duplicate index definition.
(Use `node --trace-warnings ...` to show where the warning was created)
(node:10432) [MONGOOSE] Warning: Duplicate schema index on {"lot1_surface_carrez_num":1} found. This is often due to declaring an index using both "index: true" and "schema.index()". Please remove the duplicate index definition.
(node:10432) [MONGODB DRIVER] Warning: useNewUrlParser is a deprecated option: useNewUrlParser has no effect since Node.js Driver version 4.0.0 and will be removed in the next major version
(node:10432) [MONGODB DRIVER] Warning: useUnifiedTopology is a deprecated option: useUnifiedTopology has no effect since Node.js Driver version 4.0.0 and will be removed in the next major version
Connected to DB
Starting full Paris import (radius 10km). This may take time.
Fetching page 1 (maxLength=1000)
No items returned on page 1 - import complete.
Import finished. Total processed: 0
Launching import partition: {"locations":[{"lat":50.59925,"lon":3.057256,"radius":3}],"minPrice":400001,"maxPrice":600000}
(node:10435) [MONGOOSE] Warning: Duplicate schema index on {"land_value_num":1} found. This is often due to declaring an index using both "index: true" and "schema.index()". Please remove the duplicate index definition.
(Use `node --trace-warnings ...` to show where the warning was created)
(node:10435) [MONGOOSE] Warning: Duplicate schema index on {"lot1_surface_carrez_num":1} found. This is often due to declaring an index using both "index: true" and "schema.index()". Please remove the duplicate index definition.
(node:10435) [MONGODB DRIVER] Warning: useNewUrlParser is a deprecated option: useNewUrlParser has no effect since Node.js Driver version 4.0.0 and will be removed in the next major version
(node:10435) [MONGODB DRIVER] Warning: useUnifiedTopology is a deprecated option: useUnifiedTopology has no effect since Node.js Driver version 4.0.0 and will be removed in the next major version
Connected to DB
Starting full Paris import (radius 10km). This may take time.
Fetching page 1 (maxLength=1000)
No items returned on page 1 - import complete.
Import finished. Total processed: 0
Launching import partition: {"locations":[{"lat":50.59925,"lon":3.057256,"radius":3}],"minPrice":600001,"maxPrice":800000}
(node:10438) [MONGOOSE] Warning: Duplicate schema index on {"land_value_num":1} found. This is often due to declaring an index using both "index: true" and "schema.index()". Please remove the duplicate index definition.
(Use `node --trace-warnings ...` to show where the warning was created)
(node:10438) [MONGOOSE] Warning: Duplicate schema index on {"lot1_surface_carrez_num":1} found. This is often due to declaring an index using both "index: true" and "schema.index()". Please remove the duplicate index definition.
(node:10438) [MONGODB DRIVER] Warning: useNewUrlParser is a deprecated option: useNewUrlParser has no effect since Node.js Driver version 4.0.0 and will be removed in the next major version
(node:10438) [MONGODB DRIVER] Warning: useUnifiedTopology is a deprecated option: useUnifiedTopology has no effect since Node.js Driver version 4.0.0 and will be removed in the next major version
Connected to DB
Starting full Paris import (radius 10km). This may take time.
Fetching page 1 (maxLength=1000)
No items returned on page 1 - import complete.
Import finished. Total processed: 0
Launching import partition: {"locations":[{"lat":50.59925,"lon":3.057256,"radius":3}],"minPrice":600001,"maxPrice":800000}
(node:10441) [MONGOOSE] Warning: Duplicate schema index on {"land_value_num":1} found. This is often due to declaring an index using both "index: true" and "schema.index()". Please remove the duplicate index definition.
(Use `node --trace-warnings ...` to show where the warning was created)
(node:10441) [MONGOOSE] Warning: Duplicate schema index on {"lot1_surface_carrez_num":1} found. This is often due to declaring an index using both "index: true" and "schema.index()". Please remove the duplicate index definition.
(node:10441) [MONGODB DRIVER] Warning: useNewUrlParser is a deprecated option: useNewUrlParser has no effect since Node.js Driver version 4.0.0 and will be removed in the next major version
(node:10441) [MONGODB DRIVER] Warning: useUnifiedTopology is a deprecated option: useUnifiedTopology has no effect since Node.js Driver version 4.0.0 and will be removed in the next major version
Connected to DB
Starting full Paris import (radius 10km). This may take time.
Fetching page 1 (maxLength=1000)
No items returned on page 1 - import complete.
Import finished. Total processed: 0
Launching import partition: {"locations":[{"lat":50.59925,"lon":3.057256,"radius":3}],"minPrice":800001,"maxPrice":1000000}
(node:10444) [MONGOOSE] Warning: Duplicate schema index on {"land_value_num":1} found. This is often due to declaring an index using both "index: true" and "schema.index()". Please remove the duplicate index definition.
(Use `node --trace-warnings ...` to show where the warning was created)
(node:10444) [MONGOOSE] Warning: Duplicate schema index on {"lot1_surface_carrez_num":1} found. This is often due to declaring an index using both "index: true" and "schema.index()". Please remove the duplicate index definition.
(node:10444) [MONGODB DRIVER] Warning: useNewUrlParser is a deprecated option: useNewUrlParser has no effect since Node.js Driver version 4.0.0 and will be removed in the next major version
(node:10444) [MONGODB DRIVER] Warning: useUnifiedTopology is a deprecated option: useUnifiedTopology has no effect since Node.js Driver version 4.0.0 and will be removed in the next major version
Connected to DB
Starting full Paris import (radius 10km). This may take time.
Fetching page 1 (maxLength=1000)
No items returned on page 1 - import complete.
Import finished. Total processed: 0
Launching import partition: {"locations":[{"lat":50.59925,"lon":3.057256,"radius":3}],"minPrice":800001,"maxPrice":1000000}
(node:10447) [MONGOOSE] Warning: Duplicate schema index on {"land_value_num":1} found. This is often due to declaring an index using both "index: true" and "schema.index()". Please remove the duplicate index definition.
(Use `node --trace-warnings ...` to show where the warning was created)
(node:10447) [MONGOOSE] Warning: Duplicate schema index on {"lot1_surface_carrez_num":1} found. This is often due to declaring an index using both "index: true" and "schema.index()". Please remove the duplicate index definition.
(node:10447) [MONGODB DRIVER] Warning: useNewUrlParser is a deprecated option: useNewUrlParser has no effect since Node.js Driver version 4.0.0 and will be removed in the next major version
(node:10447) [MONGODB DRIVER] Warning: useUnifiedTopology is a deprecated option: useUnifiedTopology has no effect since Node.js Driver version 4.0.0 and will be removed in the next major version
Connected to DB
Starting full Paris import (radius 10km). This may take time.
Fetching page 1 (maxLength=1000)
No items returned on page 1 - import complete.
Import finished. Total processed: 0
Launching import partition: {"locations":[{"lat":50.59925,"lon":3.057256,"radius":3}],"minPrice":1000001,"maxPrice":5000000}
(node:10450) [MONGOOSE] Warning: Duplicate schema index on {"land_value_num":1} found. This is often due to declaring an index using both "index: true" and "schema.index()". Please remove the duplicate index definition.
(Use `node --trace-warnings ...` to show where the warning was created)
(node:10450) [MONGOOSE] Warning: Duplicate schema index on {"lot1_surface_carrez_num":1} found. This is often due to declaring an index using both "index: true" and "schema.index()". Please remove the duplicate index definition.
(node:10450) [MONGODB DRIVER] Warning: useNewUrlParser is a deprecated option: useNewUrlParser has no effect since Node.js Driver version 4.0.0 and will be removed in the next major version
(node:10450) [MONGODB DRIVER] Warning: useUnifiedTopology is a deprecated option: useUnifiedTopology has no effect since Node.js Driver version 4.0.0 and will be removed in the next major version
Connected to DB
Starting full Paris import (radius 10km). This may take time.
Fetching page 1 (maxLength=1000)
No items returned on page 1 - import complete.
Import finished. Total processed: 0
Launching import partition: {"locations":[{"lat":50.59925,"lon":3.057256,"radius":3}],"minPrice":1000001,"maxPrice":5000000}
(node:10453) [MONGOOSE] Warning: Duplicate schema index on {"land_value_num":1} found. This is often due to declaring an index using both "index: true" and "schema.index()". Please remove the duplicate index definition.
(Use `node --trace-warnings ...` to show where the warning was created)
(node:10453) [MONGOOSE] Warning: Duplicate schema index on {"lot1_surface_carrez_num":1} found. This is often due to declaring an index using both "index: true" and "schema.index()". Please remove the duplicate index definition.
(node:10453) [MONGODB DRIVER] Warning: useNewUrlParser is a deprecated option: useNewUrlParser has no effect since Node.js Driver version 4.0.0 and will be removed in the next major version
(node:10453) [MONGODB DRIVER] Warning: useUnifiedTopology is a deprecated option: useUnifiedTopology has no effect since Node.js Driver version 4.0.0 and will be removed in the next major version
Connected to DB
Starting full Paris import (radius 10km). This may take time.
Fetching page 1 (maxLength=1000)
No items returned on page 1 - import complete.
Import finished. Total processed: 0
Launching import partition: {"locations":[{"lat":50.62925,"lon":3.087256,"radius":3}],"minPrice":0,"maxPrice":200000}
(node:10456) [MONGOOSE] Warning: Duplicate schema index on {"land_value_num":1} found. This is often due to declaring an index using both "index: true" and "schema.index()". Please remove the duplicate index definition.
(Use `node --trace-warnings ...` to show where the warning was created)
(node:10456) [MONGOOSE] Warning: Duplicate schema index on {"lot1_surface_carrez_num":1} found. This is often due to declaring an index using both "index: true" and "schema.index()". Please remove the duplicate index definition.
(node:10456) [MONGODB DRIVER] Warning: useNewUrlParser is a deprecated option: useNewUrlParser has no effect since Node.js Driver version 4.0.0 and will be removed in the next major version
(node:10456) [MONGODB DRIVER] Warning: useUnifiedTopology is a deprecated option: useUnifiedTopology has no effect since Node.js Driver version 4.0.0 and will be removed in the next major version
Connected to DB
Starting full Paris import (radius 10km). This may take time.
Fetching page 1 (maxLength=1000)
No items returned on page 1 - import complete.
Import finished. Total processed: 0
Launching import partition: {"locations":[{"lat":50.62925,"lon":3.087256,"radius":3}],"minPrice":0,"maxPrice":200000}
(node:10459) [MONGOOSE] Warning: Duplicate schema index on {"land_value_num":1} found. This is often due to declaring an index using both "index: true" and "schema.index()". Please remove the duplicate index definition.
(Use `node --trace-warnings ...` to show where the warning was created)
(node:10459) [MONGOOSE] Warning: Duplicate schema index on {"lot1_surface_carrez_num":1} found. This is often due to declaring an index using both "index: true" and "schema.index()". Please remove the duplicate index definition.
(node:10459) [MONGODB DRIVER] Warning: useNewUrlParser is a deprecated option: useNewUrlParser has no effect since Node.js Driver version 4.0.0 and will be removed in the next major version
(node:10459) [MONGODB DRIVER] Warning: useUnifiedTopology is a deprecated option: useUnifiedTopology has no effect since Node.js Driver version 4.0.0 and will be removed in the next major version
Connected to DB
Starting full Paris import (radius 10km). This may take time.
Fetching page 1 (maxLength=1000)
No items returned on page 1 - import complete.
Import finished. Total processed: 0
Launching import partition: {"locations":[{"lat":50.62925,"lon":3.087256,"radius":3}],"minPrice":200001,"maxPrice":400000}
(node:10462) [MONGOOSE] Warning: Duplicate schema index on {"land_value_num":1} found. This is often due to declaring an index using both "index: true" and "schema.index()". Please remove the duplicate index definition.
(Use `node --trace-warnings ...` to show where the warning was created)
(node:10462) [MONGOOSE] Warning: Duplicate schema index on {"lot1_surface_carrez_num":1} found. This is often due to declaring an index using both "index: true" and "schema.index()". Please remove the duplicate index definition.
(node:10462) [MONGODB DRIVER] Warning: useNewUrlParser is a deprecated option: useNewUrlParser has no effect since Node.js Driver version 4.0.0 and will be removed in the next major version
(node:10462) [MONGODB DRIVER] Warning: useUnifiedTopology is a deprecated option: useUnifiedTopology has no effect since Node.js Driver version 4.0.0 and will be removed in the next major version
Connected to DB
Starting full Paris import (radius 10km). This may take time.
Fetching page 1 (maxLength=1000)
No items returned on page 1 - import complete.
Import finished. Total processed: 0
Launching import partition: {"locations":[{"lat":50.62925,"lon":3.087256,"radius":3}],"minPrice":200001,"maxPrice":400000}
(node:10465) [MONGOOSE] Warning: Duplicate schema index on {"land_value_num":1} found. This is often due to declaring an index using both "index: true" and "schema.index()". Please remove the duplicate index definition.
(Use `node --trace-warnings ...` to show where the warning was created)
(node:10465) [MONGOOSE] Warning: Duplicate schema index on {"lot1_surface_carrez_num":1} found. This is often due to declaring an index using both "index: true" and "schema.index()". Please remove the duplicate index definition.
(node:10465) [MONGODB DRIVER] Warning: useNewUrlParser is a deprecated option: useNewUrlParser has no effect since Node.js Driver version 4.0.0 and will be removed in the next major version
(node:10465) [MONGODB DRIVER] Warning: useUnifiedTopology is a deprecated option: useUnifiedTopology has no effect since Node.js Driver version 4.0.0 and will be removed in the next major version
Connected to DB
Starting full Paris import (radius 10km). This may take time.
Fetching page 1 (maxLength=1000)
No items returned on page 1 - import complete.
Import finished. Total processed: 0
Launching import partition: {"locations":[{"lat":50.62925,"lon":3.087256,"radius":3}],"minPrice":400001,"maxPrice":600000}
(node:10468) [MONGOOSE] Warning: Duplicate schema index on {"land_value_num":1} found. This is often due to declaring an index using both "index: true" and "schema.index()". Please remove the duplicate index definition.
(Use `node --trace-warnings ...` to show where the warning was created)
(node:10468) [MONGOOSE] Warning: Duplicate schema index on {"lot1_surface_carrez_num":1} found. This is often due to declaring an index using both "index: true" and "schema.index()". Please remove the duplicate index definition.
(node:10468) [MONGODB DRIVER] Warning: useNewUrlParser is a deprecated option: useNewUrlParser has no effect since Node.js Driver version 4.0.0 and will be removed in the next major version
(node:10468) [MONGODB DRIVER] Warning: useUnifiedTopology is a deprecated option: useUnifiedTopology has no effect since Node.js Driver version 4.0.0 and will be removed in the next major version
Connected to DB
Starting full Paris import (radius 10km). This may take time.
Fetching page 1 (maxLength=1000)
No items returned on page 1 - import complete.
Import finished. Total processed: 0
Launching import partition: {"locations":[{"lat":50.62925,"lon":3.087256,"radius":3}],"minPrice":400001,"maxPrice":600000}
(node:10471) [MONGOOSE] Warning: Duplicate schema index on {"land_value_num":1} found. This is often due to declaring an index using both "index: true" and "schema.index()". Please remove the duplicate index definition.
(Use `node --trace-warnings ...` to show where the warning was created)
(node:10471) [MONGOOSE] Warning: Duplicate schema index on {"lot1_surface_carrez_num":1} found. This is often due to declaring an index using both "index: true" and "schema.index()". Please remove the duplicate index definition.
(node:10471) [MONGODB DRIVER] Warning: useNewUrlParser is a deprecated option: useNewUrlParser has no effect since Node.js Driver version 4.0.0 and will be removed in the next major version
(node:10471) [MONGODB DRIVER] Warning: useUnifiedTopology is a deprecated option: useUnifiedTopology has no effect since Node.js Driver version 4.0.0 and will be removed in the next major version
Connected to DB
Starting full Paris import (radius 10km). This may take time.
Fetching page 1 (maxLength=1000)
No items returned on page 1 - import complete.
Import finished. Total processed: 0
Launching import partition: {"locations":[{"lat":50.62925,"lon":3.087256,"radius":3}],"minPrice":600001,"maxPrice":800000}
(node:10476) [MONGOOSE] Warning: Duplicate schema index on {"land_value_num":1} found. This is often due to declaring an index using both "index: true" and "schema.index()". Please remove the duplicate index definition.
(Use `node --trace-warnings ...` to show where the warning was created)
(node:10476) [MONGOOSE] Warning: Duplicate schema index on {"lot1_surface_carrez_num":1} found. This is often due to declaring an index using both "index: true" and "schema.index()". Please remove the duplicate index definition.
(node:10476) [MONGODB DRIVER] Warning: useNewUrlParser is a deprecated option: useNewUrlParser has no effect since Node.js Driver version 4.0.0 and will be removed in the next major version
(node:10476) [MONGODB DRIVER] Warning: useUnifiedTopology is a deprecated option: useUnifiedTopology has no effect since Node.js Driver version 4.0.0 and will be removed in the next major version
Connected to DB
Starting full Paris import (radius 10km). This may take time.
Fetching page 1 (maxLength=1000)
No items returned on page 1 - import complete.
Import finished. Total processed: 0
Launching import partition: {"locations":[{"lat":50.62925,"lon":3.087256,"radius":3}],"minPrice":600001,"maxPrice":800000}
(node:10479) [MONGOOSE] Warning: Duplicate schema index on {"land_value_num":1} found. This is often due to declaring an index using both "index: true" and "schema.index()". Please remove the duplicate index definition.
(Use `node --trace-warnings ...` to show where the warning was created)
(node:10479) [MONGOOSE] Warning: Duplicate schema index on {"lot1_surface_carrez_num":1} found. This is often due to declaring an index using both "index: true" and "schema.index()". Please remove the duplicate index definition.
(node:10479) [MONGODB DRIVER] Warning: useNewUrlParser is a deprecated option: useNewUrlParser has no effect since Node.js Driver version 4.0.0 and will be removed in the next major version
(node:10479) [MONGODB DRIVER] Warning: useUnifiedTopology is a deprecated option: useUnifiedTopology has no effect since Node.js Driver version 4.0.0 and will be removed in the next major version
Connected to DB
Starting full Paris import (radius 10km). This may take time.
Fetching page 1 (maxLength=1000)
No items returned on page 1 - import complete.
Import finished. Total processed: 0
Launching import partition: {"locations":[{"lat":50.62925,"lon":3.087256,"radius":3}],"minPrice":800001,"maxPrice":1000000}
(node:10482) [MONGOOSE] Warning: Duplicate schema index on {"land_value_num":1} found. This is often due to declaring an index using both "index: true" and "schema.index()". Please remove the duplicate index definition.
(Use `node --trace-warnings ...` to show where the warning was created)
(node:10482) [MONGOOSE] Warning: Duplicate schema index on {"lot1_surface_carrez_num":1} found. This is often due to declaring an index using both "index: true" and "schema.index()". Please remove the duplicate index definition.
(node:10482) [MONGODB DRIVER] Warning: useNewUrlParser is a deprecated option: useNewUrlParser has no effect since Node.js Driver version 4.0.0 and will be removed in the next major version
(node:10482) [MONGODB DRIVER] Warning: useUnifiedTopology is a deprecated option: useUnifiedTopology has no effect since Node.js Driver version 4.0.0 and will be removed in the next major version
Connected to DB
Starting full Paris import (radius 10km). This may take time.
Fetching page 1 (maxLength=1000)
No items returned on page 1 - import complete.
Import finished. Total processed: 0
Launching import partition: {"locations":[{"lat":50.62925,"lon":3.087256,"radius":3}],"minPrice":800001,"maxPrice":1000000}
(node:10485) [MONGOOSE] Warning: Duplicate schema index on {"land_value_num":1} found. This is often due to declaring an index using both "index: true" and "schema.index()". Please remove the duplicate index definition.
(Use `node --trace-warnings ...` to show where the warning was created)
(node:10485) [MONGOOSE] Warning: Duplicate schema index on {"lot1_surface_carrez_num":1} found. This is often due to declaring an index using both "index: true" and "schema.index()". Please remove the duplicate index definition.
(node:10485) [MONGODB DRIVER] Warning: useNewUrlParser is a deprecated option: useNewUrlParser has no effect since Node.js Driver version 4.0.0 and will be removed in the next major version
(node:10485) [MONGODB DRIVER] Warning: useUnifiedTopology is a deprecated option: useUnifiedTopology has no effect since Node.js Driver version 4.0.0 and will be removed in the next major version
Connected to DB
Starting full Paris import (radius 10km). This may take time.
Fetching page 1 (maxLength=1000)
No items returned on page 1 - import complete.
Import finished. Total processed: 0
Launching import partition: {"locations":[{"lat":50.62925,"lon":3.087256,"radius":3}],"minPrice":1000001,"maxPrice":5000000}
(node:10488) [MONGOOSE] Warning: Duplicate schema index on {"land_value_num":1} found. This is often due to declaring an index using both "index: true" and "schema.index()". Please remove the duplicate index definition.
(Use `node --trace-warnings ...` to show where the warning was created)
(node:10488) [MONGOOSE] Warning: Duplicate schema index on {"lot1_surface_carrez_num":1} found. This is often due to declaring an index using both "index: true" and "schema.index()". Please remove the duplicate index definition.
(node:10488) [MONGODB DRIVER] Warning: useNewUrlParser is a deprecated option: useNewUrlParser has no effect since Node.js Driver version 4.0.0 and will be removed in the next major version
(node:10488) [MONGODB DRIVER] Warning: useUnifiedTopology is a deprecated option: useUnifiedTopology has no effect since Node.js Driver version 4.0.0 and will be removed in the next major version
Connected to DB
Starting full Paris import (radius 10km). This may take time.
Fetching page 1 (maxLength=1000)
No items returned on page 1 - import complete.
Import finished. Total processed: 0
Launching import partition: {"locations":[{"lat":50.62925,"lon":3.087256,"radius":3}],"minPrice":1000001,"maxPrice":5000000}
(node:10491) [MONGOOSE] Warning: Duplicate schema index on {"land_value_num":1} found. This is often due to declaring an index using both "index: true" and "schema.index()". Please remove the duplicate index definition.
(Use `node --trace-warnings ...` to show where the warning was created)
(node:10491) [MONGOOSE] Warning: Duplicate schema index on {"lot1_surface_carrez_num":1} found. This is often due to declaring an index using both "index: true" and "schema.index()". Please remove the duplicate index definition.
(node:10491) [MONGODB DRIVER] Warning: useNewUrlParser is a deprecated option: useNewUrlParser has no effect since Node.js Driver version 4.0.0 and will be removed in the next major version
(node:10491) [MONGODB DRIVER] Warning: useUnifiedTopology is a deprecated option: useUnifiedTopology has no effect since Node.js Driver version 4.0.0 and will be removed in the next major version
Connected to DB
Starting full Paris import (radius 10km). This may take time.
Fetching page 1 (maxLength=1000)
No items returned on page 1 - import complete.
Import finished. Total processed: 0
Launching import partition: {"locations":[{"lat":50.62925,"lon":3.0272560000000004,"radius":3}],"minPrice":0,"maxPrice":200000}
(node:10494) [MONGOOSE] Warning: Duplicate schema index on {"land_value_num":1} found. This is often due to declaring an index using both "index: true" and "schema.index()". Please remove the duplicate index definition.
(Use `node --trace-warnings ...` to show where the warning was created)
(node:10494) [MONGOOSE] Warning: Duplicate schema index on {"lot1_surface_carrez_num":1} found. This is often due to declaring an index using both "index: true" and "schema.index()". Please remove the duplicate index definition.
(node:10494) [MONGODB DRIVER] Warning: useNewUrlParser is a deprecated option: useNewUrlParser has no effect since Node.js Driver version 4.0.0 and will be removed in the next major version
(node:10494) [MONGODB DRIVER] Warning: useUnifiedTopology is a deprecated option: useUnifiedTopology has no effect since Node.js Driver version 4.0.0 and will be removed in the next major version
Connected to DB
Starting full Paris import (radius 10km). This may take time.
Fetching page 1 (maxLength=1000)
No items returned on page 1 - import complete.
Import finished. Total processed: 0
Launching import partition: {"locations":[{"lat":50.62925,"lon":3.0272560000000004,"radius":3}],"minPrice":0,"maxPrice":200000}
(node:10499) [MONGOOSE] Warning: Duplicate schema index on {"land_value_num":1} found. This is often due to declaring an index using both "index: true" and "schema.index()". Please remove the duplicate index definition.
(Use `node --trace-warnings ...` to show where the warning was created)
(node:10499) [MONGOOSE] Warning: Duplicate schema index on {"lot1_surface_carrez_num":1} found. This is often due to declaring an index using both "index: true" and "schema.index()". Please remove the duplicate index definition.
(node:10499) [MONGODB DRIVER] Warning: useNewUrlParser is a deprecated option: useNewUrlParser has no effect since Node.js Driver version 4.0.0 and will be removed in the next major version
(node:10499) [MONGODB DRIVER] Warning: useUnifiedTopology is a deprecated option: useUnifiedTopology has no effect since Node.js Driver version 4.0.0 and will be removed in the next major version
Connected to DB
Starting full Paris import (radius 10km). This may take time.
Fetching page 1 (maxLength=1000)
No items returned on page 1 - import complete.
Import finished. Total processed: 0
Launching import partition: {"locations":[{"lat":50.62925,"lon":3.0272560000000004,"radius":3}],"minPrice":200001,"maxPrice":400000}
(node:10504) [MONGOOSE] Warning: Duplicate schema index on {"land_value_num":1} found. This is often due to declaring an index using both "index: true" and "schema.index()". Please remove the duplicate index definition.
(Use `node --trace-warnings ...` to show where the warning was created)
(node:10504) [MONGOOSE] Warning: Duplicate schema index on {"lot1_surface_carrez_num":1} found. This is often due to declaring an index using both "index: true" and "schema.index()". Please remove the duplicate index definition.
(node:10504) [MONGODB DRIVER] Warning: useNewUrlParser is a deprecated option: useNewUrlParser has no effect since Node.js Driver version 4.0.0 and will be removed in the next major version
(node:10504) [MONGODB DRIVER] Warning: useUnifiedTopology is a deprecated option: useUnifiedTopology has no effect since Node.js Driver version 4.0.0 and will be removed in the next major version
Connected to DB
Starting full Paris import (radius 10km). This may take time.
Fetching page 1 (maxLength=1000)
No items returned on page 1 - import complete.
Import finished. Total processed: 0
Launching import partition: {"locations":[{"lat":50.62925,"lon":3.0272560000000004,"radius":3}],"minPrice":200001,"maxPrice":400000}
(node:10508) [MONGOOSE] Warning: Duplicate schema index on {"land_value_num":1} found. This is often due to declaring an index using both "index: true" and "schema.index()". Please remove the duplicate index definition.
(Use `node --trace-warnings ...` to show where the warning was created)
(node:10508) [MONGOOSE] Warning: Duplicate schema index on {"lot1_surface_carrez_num":1} found. This is often due to declaring an index using both "index: true" and "schema.index()". Please remove the duplicate index definition.
(node:10508) [MONGODB DRIVER] Warning: useNewUrlParser is a deprecated option: useNewUrlParser has no effect since Node.js Driver version 4.0.0 and will be removed in the next major version
(node:10508) [MONGODB DRIVER] Warning: useUnifiedTopology is a deprecated option: useUnifiedTopology has no effect since Node.js Driver version 4.0.0 and will be removed in the next major version
Connected to DB
Starting full Paris import (radius 10km). This may take time.
Fetching page 1 (maxLength=1000)
No items returned on page 1 - import complete.
Import finished. Total processed: 0
Launching import partition: {"locations":[{"lat":50.62925,"lon":3.0272560000000004,"radius":3}],"minPrice":400001,"maxPrice":600000}
(node:10512) [MONGOOSE] Warning: Duplicate schema index on {"land_value_num":1} found. This is often due to declaring an index using both "index: true" and "schema.index()". Please remove the duplicate index definition.
(Use `node --trace-warnings ...` to show where the warning was created)
(node:10512) [MONGOOSE] Warning: Duplicate schema index on {"lot1_surface_carrez_num":1} found. This is often due to declaring an index using both "index: true" and "schema.index()". Please remove the duplicate index definition.
(node:10512) [MONGODB DRIVER] Warning: useNewUrlParser is a deprecated option: useNewUrlParser has no effect since Node.js Driver version 4.0.0 and will be removed in the next major version
(node:10512) [MONGODB DRIVER] Warning: useUnifiedTopology is a deprecated option: useUnifiedTopology has no effect since Node.js Driver version 4.0.0 and will be removed in the next major version
Connected to DB
Starting full Paris import (radius 10km). This may take time.
Fetching page 1 (maxLength=1000)
No items returned on page 1 - import complete.
Import finished. Total processed: 0
Launching import partition: {"locations":[{"lat":50.62925,"lon":3.0272560000000004,"radius":3}],"minPrice":400001,"maxPrice":600000}
(node:10515) [MONGOOSE] Warning: Duplicate schema index on {"land_value_num":1} found. This is often due to declaring an index using both "index: true" and "schema.index()". Please remove the duplicate index definition.
(Use `node --trace-warnings ...` to show where the warning was created)
(node:10515) [MONGOOSE] Warning: Duplicate schema index on {"lot1_surface_carrez_num":1} found. This is often due to declaring an index using both "index: true" and "schema.index()". Please remove the duplicate index definition.
(node:10515) [MONGODB DRIVER] Warning: useNewUrlParser is a deprecated option: useNewUrlParser has no effect since Node.js Driver version 4.0.0 and will be removed in the next major version
(node:10515) [MONGODB DRIVER] Warning: useUnifiedTopology is a deprecated option: useUnifiedTopology has no effect since Node.js Driver version 4.0.0 and will be removed in the next major version
Connected to DB
Starting full Paris import (radius 10km). This may take time.
Fetching page 1 (maxLength=1000)
No items returned on page 1 - import complete.
Import finished. Total processed: 0
Launching import partition: {"locations":[{"lat":50.62925,"lon":3.0272560000000004,"radius":3}],"minPrice":600001,"maxPrice":800000}
(node:10519) [MONGOOSE] Warning: Duplicate schema index on {"land_value_num":1} found. This is often due to declaring an index using both "index: true" and "schema.index()". Please remove the duplicate index definition.
(Use `node --trace-warnings ...` to show where the warning was created)
(node:10519) [MONGOOSE] Warning: Duplicate schema index on {"lot1_surface_carrez_num":1} found. This is often due to declaring an index using both "index: true" and "schema.index()". Please remove the duplicate index definition.
(node:10519) [MONGODB DRIVER] Warning: useNewUrlParser is a deprecated option: useNewUrlParser has no effect since Node.js Driver version 4.0.0 and will be removed in the next major version
(node:10519) [MONGODB DRIVER] Warning: useUnifiedTopology is a deprecated option: useUnifiedTopology has no effect since Node.js Driver version 4.0.0 and will be removed in the next major version
Connected to DB
Starting full Paris import (radius 10km). This may take time.
Fetching page 1 (maxLength=1000)
No items returned on page 1 - import complete.
Import finished. Total processed: 0
Launching import partition: {"locations":[{"lat":50.62925,"lon":3.0272560000000004,"radius":3}],"minPrice":600001,"maxPrice":800000}
(node:10522) [MONGOOSE] Warning: Duplicate schema index on {"land_value_num":1} found. This is often due to declaring an index using both "index: true" and "schema.index()". Please remove the duplicate index definition.
(Use `node --trace-warnings ...` to show where the warning was created)
(node:10522) [MONGOOSE] Warning: Duplicate schema index on {"lot1_surface_carrez_num":1} found. This is often due to declaring an index using both "index: true" and "schema.index()". Please remove the duplicate index definition.
(node:10522) [MONGODB DRIVER] Warning: useNewUrlParser is a deprecated option: useNewUrlParser has no effect since Node.js Driver version 4.0.0 and will be removed in the next major version
(node:10522) [MONGODB DRIVER] Warning: useUnifiedTopology is a deprecated option: useUnifiedTopology has no effect since Node.js Driver version 4.0.0 and will be removed in the next major version
Connected to DB
Starting full Paris import (radius 10km). This may take time.
Fetching page 1 (maxLength=1000)
No items returned on page 1 - import complete.
Import finished. Total processed: 0
Launching import partition: {"locations":[{"lat":50.62925,"lon":3.0272560000000004,"radius":3}],"minPrice":800001,"maxPrice":1000000}
(node:10525) [MONGOOSE] Warning: Duplicate schema index on {"land_value_num":1} found. This is often due to declaring an index using both "index: true" and "schema.index()". Please remove the duplicate index definition.
(Use `node --trace-warnings ...` to show where the warning was created)
(node:10525) [MONGOOSE] Warning: Duplicate schema index on {"lot1_surface_carrez_num":1} found. This is often due to declaring an index using both "index: true" and "schema.index()". Please remove the duplicate index definition.
(node:10525) [MONGODB DRIVER] Warning: useNewUrlParser is a deprecated option: useNewUrlParser has no effect since Node.js Driver version 4.0.0 and will be removed in the next major version
(node:10525) [MONGODB DRIVER] Warning: useUnifiedTopology is a deprecated option: useUnifiedTopology has no effect since Node.js Driver version 4.0.0 and will be removed in the next major version
Connected to DB
Starting full Paris import (radius 10km). This may take time.
Fetching page 1 (maxLength=1000)
No items returned on page 1 - import complete.
Import finished. Total processed: 0
Launching import partition: {"locations":[{"lat":50.62925,"lon":3.0272560000000004,"radius":3}],"minPrice":800001,"maxPrice":1000000}
(node:10528) [MONGOOSE] Warning: Duplicate schema index on {"land_value_num":1} found. This is often due to declaring an index using both "index: true" and "schema.index()". Please remove the duplicate index definition.
(Use `node --trace-warnings ...` to show where the warning was created)
(node:10528) [MONGOOSE] Warning: Duplicate schema index on {"lot1_surface_carrez_num":1} found. This is often due to declaring an index using both "index: true" and "schema.index()". Please remove the duplicate index definition.
(node:10528) [MONGODB DRIVER] Warning: useNewUrlParser is a deprecated option: useNewUrlParser has no effect since Node.js Driver version 4.0.0 and will be removed in the next major version
(node:10528) [MONGODB DRIVER] Warning: useUnifiedTopology is a deprecated option: useUnifiedTopology has no effect since Node.js Driver version 4.0.0 and will be removed in the next major version
Connected to DB
Starting full Paris import (radius 10km). This may take time.
Fetching page 1 (maxLength=1000)
No items returned on page 1 - import complete.
Import finished. Total processed: 0
Launching import partition: {"locations":[{"lat":50.62925,"lon":3.0272560000000004,"radius":3}],"minPrice":1000001,"maxPrice":5000000}
(node:10537) [MONGOOSE] Warning: Duplicate schema index on {"land_value_num":1} found. This is often due to declaring an index using both "index: true" and "schema.index()". Please remove the duplicate index definition.
(Use `node --trace-warnings ...` to show where the warning was created)
(node:10537) [MONGOOSE] Warning: Duplicate schema index on {"lot1_surface_carrez_num":1} found. This is often due to declaring an index using both "index: true" and "schema.index()". Please remove the duplicate index definition.
(node:10537) [MONGODB DRIVER] Warning: useNewUrlParser is a deprecated option: useNewUrlParser has no effect since Node.js Driver version 4.0.0 and will be removed in the next major version
(node:10537) [MONGODB DRIVER] Warning: useUnifiedTopology is a deprecated option: useUnifiedTopology has no effect since Node.js Driver version 4.0.0 and will be removed in the next major version
Connected to DB
Starting full Paris import (radius 10km). This may take time.
Fetching page 1 (maxLength=1000)
No items returned on page 1 - import complete.
Import finished. Total processed: 0
Launching import partition: {"locations":[{"lat":50.62925,"lon":3.0272560000000004,"radius":3}],"minPrice":1000001,"maxPrice":5000000}
(node:10540) [MONGOOSE] Warning: Duplicate schema index on {"land_value_num":1} found. This is often due to declaring an index using both "index: true" and "schema.index()". Please remove the duplicate index definition.
(Use `node --trace-warnings ...` to show where the warning was created)
(node:10540) [MONGOOSE] Warning: Duplicate schema index on {"lot1_surface_carrez_num":1} found. This is often due to declaring an index using both "index: true" and "schema.index()". Please remove the duplicate index definition.
(node:10540) [MONGODB DRIVER] Warning: useNewUrlParser is a deprecated option: useNewUrlParser has no effect since Node.js Driver version 4.0.0 and will be removed in the next major version
(node:10540) [MONGODB DRIVER] Warning: useUnifiedTopology is a deprecated option: useUnifiedTopology has no effect since Node.js Driver version 4.0.0 and will be removed in the next major version
Connected to DB
Starting full Paris import (radius 10km). This may take time.
Fetching page 1 (maxLength=1000)
No items returned on page 1 - import complete.
Import finished. Total processed: 0
Launching import partition: {"locations":[{"lat":50.65925,"lon":3.087256,"radius":3}],"minPrice":0,"maxPrice":200000}
(node:10543) [MONGOOSE] Warning: Duplicate schema index on {"land_value_num":1} found. This is often due to declaring an index using both "index: true" and "schema.index()". Please remove the duplicate index definition.
(Use `node --trace-warnings ...` to show where the warning was created)
(node:10543) [MONGOOSE] Warning: Duplicate schema index on {"lot1_surface_carrez_num":1} found. This is often due to declaring an index using both "index: true" and "schema.index()". Please remove the duplicate index definition.
(node:10543) [MONGODB DRIVER] Warning: useNewUrlParser is a deprecated option: useNewUrlParser has no effect since Node.js Driver version 4.0.0 and will be removed in the next major version
(node:10543) [MONGODB DRIVER] Warning: useUnifiedTopology is a deprecated option: useUnifiedTopology has no effect since Node.js Driver version 4.0.0 and will be removed in the next major version
Connected to DB
Starting full Paris import (radius 10km). This may take time.
Fetching page 1 (maxLength=1000)
No items returned on page 1 - import complete.
Import finished. Total processed: 0
Launching import partition: {"locations":[{"lat":50.65925,"lon":3.087256,"radius":3}],"minPrice":0,"maxPrice":200000}
(node:10546) [MONGOOSE] Warning: Duplicate schema index on {"land_value_num":1} found. This is often due to declaring an index using both "index: true" and "schema.index()". Please remove the duplicate index definition.
(Use `node --trace-warnings ...` to show where the warning was created)
(node:10546) [MONGOOSE] Warning: Duplicate schema index on {"lot1_surface_carrez_num":1} found. This is often due to declaring an index using both "index: true" and "schema.index()". Please remove the duplicate index definition.
(node:10546) [MONGODB DRIVER] Warning: useNewUrlParser is a deprecated option: useNewUrlParser has no effect since Node.js Driver version 4.0.0 and will be removed in the next major version
(node:10546) [MONGODB DRIVER] Warning: useUnifiedTopology is a deprecated option: useUnifiedTopology has no effect since Node.js Driver version 4.0.0 and will be removed in the next major version
Connected to DB
Starting full Paris import (radius 10km). This may take time.
Fetching page 1 (maxLength=1000)
No items returned on page 1 - import complete.
Import finished. Total processed: 0
Launching import partition: {"locations":[{"lat":50.65925,"lon":3.087256,"radius":3}],"minPrice":200001,"maxPrice":400000}
(node:10549) [MONGOOSE] Warning: Duplicate schema index on {"land_value_num":1} found. This is often due to declaring an index using both "index: true" and "schema.index()". Please remove the duplicate index definition.
(Use `node --trace-warnings ...` to show where the warning was created)
(node:10549) [MONGOOSE] Warning: Duplicate schema index on {"lot1_surface_carrez_num":1} found. This is often due to declaring an index using both "index: true" and "schema.index()". Please remove the duplicate index definition.
(node:10549) [MONGODB DRIVER] Warning: useNewUrlParser is a deprecated option: useNewUrlParser has no effect since Node.js Driver version 4.0.0 and will be removed in the next major version
(node:10549) [MONGODB DRIVER] Warning: useUnifiedTopology is a deprecated option: useUnifiedTopology has no effect since Node.js Driver version 4.0.0 and will be removed in the next major version
Connected to DB
Starting full Paris import (radius 10km). This may take time.
Fetching page 1 (maxLength=1000)
No items returned on page 1 - import complete.
Import finished. Total processed: 0
Launching import partition: {"locations":[{"lat":50.65925,"lon":3.087256,"radius":3}],"minPrice":200001,"maxPrice":400000}
(node:10552) [MONGOOSE] Warning: Duplicate schema index on {"land_value_num":1} found. This is often due to declaring an index using both "index: true" and "schema.index()". Please remove the duplicate index definition.
(Use `node --trace-warnings ...` to show where the warning was created)
(node:10552) [MONGOOSE] Warning: Duplicate schema index on {"lot1_surface_carrez_num":1} found. This is often due to declaring an index using both "index: true" and "schema.index()". Please remove the duplicate index definition.
(node:10552) [MONGODB DRIVER] Warning: useNewUrlParser is a deprecated option: useNewUrlParser has no effect since Node.js Driver version 4.0.0 and will be removed in the next major version
(node:10552) [MONGODB DRIVER] Warning: useUnifiedTopology is a deprecated option: useUnifiedTopology has no effect since Node.js Driver version 4.0.0 and will be removed in the next major version
Connected to DB
Starting full Paris import (radius 10km). This may take time.
Fetching page 1 (maxLength=1000)
No items returned on page 1 - import complete.
Import finished. Total processed: 0
Launching import partition: {"locations":[{"lat":50.65925,"lon":3.087256,"radius":3}],"minPrice":400001,"maxPrice":600000}
(node:10555) [MONGOOSE] Warning: Duplicate schema index on {"land_value_num":1} found. This is often due to declaring an index using both "index: true" and "schema.index()". Please remove the duplicate index definition.
(Use `node --trace-warnings ...` to show where the warning was created)
(node:10555) [MONGOOSE] Warning: Duplicate schema index on {"lot1_surface_carrez_num":1} found. This is often due to declaring an index using both "index: true" and "schema.index()". Please remove the duplicate index definition.
(node:10555) [MONGODB DRIVER] Warning: useNewUrlParser is a deprecated option: useNewUrlParser has no effect since Node.js Driver version 4.0.0 and will be removed in the next major version
(node:10555) [MONGODB DRIVER] Warning: useUnifiedTopology is a deprecated option: useUnifiedTopology has no effect since Node.js Driver version 4.0.0 and will be removed in the next major version
Connected to DB
Starting full Paris import (radius 10km). This may take time.
Fetching page 1 (maxLength=1000)
No items returned on page 1 - import complete.
Import finished. Total processed: 0
Launching import partition: {"locations":[{"lat":50.65925,"lon":3.087256,"radius":3}],"minPrice":400001,"maxPrice":600000}
(node:10558) [MONGOOSE] Warning: Duplicate schema index on {"land_value_num":1} found. This is often due to declaring an index using both "index: true" and "schema.index()". Please remove the duplicate index definition.
(Use `node --trace-warnings ...` to show where the warning was created)
(node:10558) [MONGOOSE] Warning: Duplicate schema index on {"lot1_surface_carrez_num":1} found. This is often due to declaring an index using both "index: true" and "schema.index()". Please remove the duplicate index definition.
(node:10558) [MONGODB DRIVER] Warning: useNewUrlParser is a deprecated option: useNewUrlParser has no effect since Node.js Driver version 4.0.0 and will be removed in the next major version
(node:10558) [MONGODB DRIVER] Warning: useUnifiedTopology is a deprecated option: useUnifiedTopology has no effect since Node.js Driver version 4.0.0 and will be removed in the next major version
Connected to DB
Starting full Paris import (radius 10km). This may take time.
Fetching page 1 (maxLength=1000)
No items returned on page 1 - import complete.
Import finished. Total processed: 0
Launching import partition: {"locations":[{"lat":50.65925,"lon":3.087256,"radius":3}],"minPrice":600001,"maxPrice":800000}
(node:10561) [MONGOOSE] Warning: Duplicate schema index on {"land_value_num":1} found. This is often due to declaring an index using both "index: true" and "schema.index()". Please remove the duplicate index definition.
(Use `node --trace-warnings ...` to show where the warning was created)
(node:10561) [MONGOOSE] Warning: Duplicate schema index on {"lot1_surface_carrez_num":1} found. This is often due to declaring an index using both "index: true" and "schema.index()". Please remove the duplicate index definition.
(node:10561) [MONGODB DRIVER] Warning: useNewUrlParser is a deprecated option: useNewUrlParser has no effect since Node.js Driver version 4.0.0 and will be removed in the next major version
(node:10561) [MONGODB DRIVER] Warning: useUnifiedTopology is a deprecated option: useUnifiedTopology has no effect since Node.js Driver version 4.0.0 and will be removed in the next major version
Connected to DB
Starting full Paris import (radius 10km). This may take time.
Fetching page 1 (maxLength=1000)
No items returned on page 1 - import complete.
Import finished. Total processed: 0
Launching import partition: {"locations":[{"lat":50.65925,"lon":3.087256,"radius":3}],"minPrice":600001,"maxPrice":800000}
(node:10564) [MONGOOSE] Warning: Duplicate schema index on {"land_value_num":1} found. This is often due to declaring an index using both "index: true" and "schema.index()". Please remove the duplicate index definition.
(Use `node --trace-warnings ...` to show where the warning was created)
(node:10564) [MONGOOSE] Warning: Duplicate schema index on {"lot1_surface_carrez_num":1} found. This is often due to declaring an index using both "index: true" and "schema.index()". Please remove the duplicate index definition.
(node:10564) [MONGODB DRIVER] Warning: useNewUrlParser is a deprecated option: useNewUrlParser has no effect since Node.js Driver version 4.0.0 and will be removed in the next major version
(node:10564) [MONGODB DRIVER] Warning: useUnifiedTopology is a deprecated option: useUnifiedTopology has no effect since Node.js Driver version 4.0.0 and will be removed in the next major version
Connected to DB
Starting full Paris import (radius 10km). This may take time.
Fetching page 1 (maxLength=1000)
No items returned on page 1 - import complete.
Import finished. Total processed: 0
Launching import partition: {"locations":[{"lat":50.65925,"lon":3.087256,"radius":3}],"minPrice":800001,"maxPrice":1000000}
(node:10567) [MONGOOSE] Warning: Duplicate schema index on {"land_value_num":1} found. This is often due to declaring an index using both "index: true" and "schema.index()". Please remove the duplicate index definition.
(Use `node --trace-warnings ...` to show where the warning was created)
(node:10567) [MONGOOSE] Warning: Duplicate schema index on {"lot1_surface_carrez_num":1} found. This is often due to declaring an index using both "index: true" and "schema.index()". Please remove the duplicate index definition.
(node:10567) [MONGODB DRIVER] Warning: useNewUrlParser is a deprecated option: useNewUrlParser has no effect since Node.js Driver version 4.0.0 and will be removed in the next major version
(node:10567) [MONGODB DRIVER] Warning: useUnifiedTopology is a deprecated option: useUnifiedTopology has no effect since Node.js Driver version 4.0.0 and will be removed in the next major version
Connected to DB
Starting full Paris import (radius 10km). This may take time.
Fetching page 1 (maxLength=1000)
No items returned on page 1 - import complete.
Import finished. Total processed: 0
Launching import partition: {"locations":[{"lat":50.65925,"lon":3.087256,"radius":3}],"minPrice":800001,"maxPrice":1000000}
(node:10570) [MONGOOSE] Warning: Duplicate schema index on {"land_value_num":1} found. This is often due to declaring an index using both "index: true" and "schema.index()". Please remove the duplicate index definition.
(Use `node --trace-warnings ...` to show where the warning was created)
(node:10570) [MONGOOSE] Warning: Duplicate schema index on {"lot1_surface_carrez_num":1} found. This is often due to declaring an index using both "index: true" and "schema.index()". Please remove the duplicate index definition.
(node:10570) [MONGODB DRIVER] Warning: useNewUrlParser is a deprecated option: useNewUrlParser has no effect since Node.js Driver version 4.0.0 and will be removed in the next major version
(node:10570) [MONGODB DRIVER] Warning: useUnifiedTopology is a deprecated option: useUnifiedTopology has no effect since Node.js Driver version 4.0.0 and will be removed in the next major version
Connected to DB
Starting full Paris import (radius 10km). This may take time.
Fetching page 1 (maxLength=1000)
No items returned on page 1 - import complete.
Import finished. Total processed: 0
Launching import partition: {"locations":[{"lat":50.65925,"lon":3.087256,"radius":3}],"minPrice":1000001,"maxPrice":5000000}
(node:10574) [MONGOOSE] Warning: Duplicate schema index on {"land_value_num":1} found. This is often due to declaring an index using both "index: true" and "schema.index()". Please remove the duplicate index definition.
(Use `node --trace-warnings ...` to show where the warning was created)
(node:10574) [MONGOOSE] Warning: Duplicate schema index on {"lot1_surface_carrez_num":1} found. This is often due to declaring an index using both "index: true" and "schema.index()". Please remove the duplicate index definition.
(node:10574) [MONGODB DRIVER] Warning: useNewUrlParser is a deprecated option: useNewUrlParser has no effect since Node.js Driver version 4.0.0 and will be removed in the next major version
(node:10574) [MONGODB DRIVER] Warning: useUnifiedTopology is a deprecated option: useUnifiedTopology has no effect since Node.js Driver version 4.0.0 and will be removed in the next major version
Connected to DB
Starting full Paris import (radius 10km). This may take time.
Fetching page 1 (maxLength=1000)
No items returned on page 1 - import complete.
Import finished. Total processed: 0
Launching import partition: {"locations":[{"lat":50.65925,"lon":3.087256,"radius":3}],"minPrice":1000001,"maxPrice":5000000}
(node:10577) [MONGOOSE] Warning: Duplicate schema index on {"land_value_num":1} found. This is often due to declaring an index using both "index: true" and "schema.index()". Please remove the duplicate index definition.
(Use `node --trace-warnings ...` to show where the warning was created)
(node:10577) [MONGOOSE] Warning: Duplicate schema index on {"lot1_surface_carrez_num":1} found. This is often due to declaring an index using both "index: true" and "schema.index()". Please remove the duplicate index definition.
(node:10577) [MONGODB DRIVER] Warning: useNewUrlParser is a deprecated option: useNewUrlParser has no effect since Node.js Driver version 4.0.0 and will be removed in the next major version
(node:10577) [MONGODB DRIVER] Warning: useUnifiedTopology is a deprecated option: useUnifiedTopology has no effect since Node.js Driver version 4.0.0 and will be removed in the next major version
Connected to DB
Starting full Paris import (radius 10km). This may take time.
Fetching page 1 (maxLength=1000)
No items returned on page 1 - import complete.
Import finished. Total processed: 0
Launching import partition: {"locations":[{"lat":50.59925,"lon":3.0272560000000004,"radius":3}],"minPrice":0,"maxPrice":200000}
(node:10580) [MONGOOSE] Warning: Duplicate schema index on {"land_value_num":1} found. This is often due to declaring an index using both "index: true" and "schema.index()". Please remove the duplicate index definition.
(Use `node --trace-warnings ...` to show where the warning was created)
(node:10580) [MONGOOSE] Warning: Duplicate schema index on {"lot1_surface_carrez_num":1} found. This is often due to declaring an index using both "index: true" and "schema.index()". Please remove the duplicate index definition.
(node:10580) [MONGODB DRIVER] Warning: useNewUrlParser is a deprecated option: useNewUrlParser has no effect since Node.js Driver version 4.0.0 and will be removed in the next major version
(node:10580) [MONGODB DRIVER] Warning: useUnifiedTopology is a deprecated option: useUnifiedTopology has no effect since Node.js Driver version 4.0.0 and will be removed in the next major version
Connected to DB
Starting full Paris import (radius 10km). This may take time.
Fetching page 1 (maxLength=1000)
No items returned on page 1 - import complete.
Import finished. Total processed: 0
Launching import partition: {"locations":[{"lat":50.59925,"lon":3.0272560000000004,"radius":3}],"minPrice":0,"maxPrice":200000}
(node:10583) [MONGOOSE] Warning: Duplicate schema index on {"land_value_num":1} found. This is often due to declaring an index using both "index: true" and "schema.index()". Please remove the duplicate index definition.
(Use `node --trace-warnings ...` to show where the warning was created)
(node:10583) [MONGOOSE] Warning: Duplicate schema index on {"lot1_surface_carrez_num":1} found. This is often due to declaring an index using both "index: true" and "schema.index()". Please remove the duplicate index definition.
(node:10583) [MONGODB DRIVER] Warning: useNewUrlParser is a deprecated option: useNewUrlParser has no effect since Node.js Driver version 4.0.0 and will be removed in the next major version
(node:10583) [MONGODB DRIVER] Warning: useUnifiedTopology is a deprecated option: useUnifiedTopology has no effect since Node.js Driver version 4.0.0 and will be removed in the next major version
Connected to DB
Starting full Paris import (radius 10km). This may take time.
Fetching page 1 (maxLength=1000)
No items returned on page 1 - import complete.
Import finished. Total processed: 0
Launching import partition: {"locations":[{"lat":50.59925,"lon":3.0272560000000004,"radius":3}],"minPrice":200001,"maxPrice":400000}
(node:10587) [MONGOOSE] Warning: Duplicate schema index on {"land_value_num":1} found. This is often due to declaring an index using both "index: true" and "schema.index()". Please remove the duplicate index definition.
(Use `node --trace-warnings ...` to show where the warning was created)
(node:10587) [MONGOOSE] Warning: Duplicate schema index on {"lot1_surface_carrez_num":1} found. This is often due to declaring an index using both "index: true" and "schema.index()". Please remove the duplicate index definition.
(node:10587) [MONGODB DRIVER] Warning: useNewUrlParser is a deprecated option: useNewUrlParser has no effect since Node.js Driver version 4.0.0 and will be removed in the next major version
(node:10587) [MONGODB DRIVER] Warning: useUnifiedTopology is a deprecated option: useUnifiedTopology has no effect since Node.js Driver version 4.0.0 and will be removed in the next major version
Connected to DB
Starting full Paris import (radius 10km). This may take time.
Fetching page 1 (maxLength=1000)
No items returned on page 1 - import complete.
Import finished. Total processed: 0
Launching import partition: {"locations":[{"lat":50.59925,"lon":3.0272560000000004,"radius":3}],"minPrice":200001,"maxPrice":400000}
(node:10590) [MONGOOSE] Warning: Duplicate schema index on {"land_value_num":1} found. This is often due to declaring an index using both "index: true" and "schema.index()". Please remove the duplicate index definition.
(Use `node --trace-warnings ...` to show where the warning was created)
(node:10590) [MONGOOSE] Warning: Duplicate schema index on {"lot1_surface_carrez_num":1} found. This is often due to declaring an index using both "index: true" and "schema.index()". Please remove the duplicate index definition.
(node:10590) [MONGODB DRIVER] Warning: useNewUrlParser is a deprecated option: useNewUrlParser has no effect since Node.js Driver version 4.0.0 and will be removed in the next major version
(node:10590) [MONGODB DRIVER] Warning: useUnifiedTopology is a deprecated option: useUnifiedTopology has no effect since Node.js Driver version 4.0.0 and will be removed in the next major version
Connected to DB
Starting full Paris import (radius 10km). This may take time.
Fetching page 1 (maxLength=1000)
No items returned on page 1 - import complete.
Import finished. Total processed: 0
Launching import partition: {"locations":[{"lat":50.59925,"lon":3.0272560000000004,"radius":3}],"minPrice":400001,"maxPrice":600000}
(node:10593) [MONGOOSE] Warning: Duplicate schema index on {"land_value_num":1} found. This is often due to declaring an index using both "index: true" and "schema.index()". Please remove the duplicate index definition.
(Use `node --trace-warnings ...` to show where the warning was created)
(node:10593) [MONGOOSE] Warning: Duplicate schema index on {"lot1_surface_carrez_num":1} found. This is often due to declaring an index using both "index: true" and "schema.index()". Please remove the duplicate index definition.
(node:10593) [MONGODB DRIVER] Warning: useNewUrlParser is a deprecated option: useNewUrlParser has no effect since Node.js Driver version 4.0.0 and will be removed in the next major version
(node:10593) [MONGODB DRIVER] Warning: useUnifiedTopology is a deprecated option: useUnifiedTopology has no effect since Node.js Driver version 4.0.0 and will be removed in the next major version
Connected to DB
Starting full Paris import (radius 10km). This may take time.
Fetching page 1 (maxLength=1000)
No items returned on page 1 - import complete.
Import finished. Total processed: 0
Launching import partition: {"locations":[{"lat":50.59925,"lon":3.0272560000000004,"radius":3}],"minPrice":400001,"maxPrice":600000}
(node:10596) [MONGOOSE] Warning: Duplicate schema index on {"land_value_num":1} found. This is often due to declaring an index using both "index: true" and "schema.index()". Please remove the duplicate index definition.
(Use `node --trace-warnings ...` to show where the warning was created)
(node:10596) [MONGOOSE] Warning: Duplicate schema index on {"lot1_surface_carrez_num":1} found. This is often due to declaring an index using both "index: true" and "schema.index()". Please remove the duplicate index definition.
(node:10596) [MONGODB DRIVER] Warning: useNewUrlParser is a deprecated option: useNewUrlParser has no effect since Node.js Driver version 4.0.0 and will be removed in the next major version
(node:10596) [MONGODB DRIVER] Warning: useUnifiedTopology is a deprecated option: useUnifiedTopology has no effect since Node.js Driver version 4.0.0 and will be removed in the next major version
Connected to DB
Starting full Paris import (radius 10km). This may take time.
Fetching page 1 (maxLength=1000)
No items returned on page 1 - import complete.
Import finished. Total processed: 0
Launching import partition: {"locations":[{"lat":50.59925,"lon":3.0272560000000004,"radius":3}],"minPrice":600001,"maxPrice":800000}
(node:10599) [MONGOOSE] Warning: Duplicate schema index on {"land_value_num":1} found. This is often due to declaring an index using both "index: true" and "schema.index()". Please remove the duplicate index definition.
(Use `node --trace-warnings ...` to show where the warning was created)
(node:10599) [MONGOOSE] Warning: Duplicate schema index on {"lot1_surface_carrez_num":1} found. This is often due to declaring an index using both "index: true" and "schema.index()". Please remove the duplicate index definition.
(node:10599) [MONGODB DRIVER] Warning: useNewUrlParser is a deprecated option: useNewUrlParser has no effect since Node.js Driver version 4.0.0 and will be removed in the next major version
(node:10599) [MONGODB DRIVER] Warning: useUnifiedTopology is a deprecated option: useUnifiedTopology has no effect since Node.js Driver version 4.0.0 and will be removed in the next major version
Connected to DB
Starting full Paris import (radius 10km). This may take time.
Fetching page 1 (maxLength=1000)
No items returned on page 1 - import complete.
Import finished. Total processed: 0
Launching import partition: {"locations":[{"lat":50.59925,"lon":3.0272560000000004,"radius":3}],"minPrice":600001,"maxPrice":800000}
(node:10602) [MONGOOSE] Warning: Duplicate schema index on {"land_value_num":1} found. This is often due to declaring an index using both "index: true" and "schema.index()". Please remove the duplicate index definition.
(Use `node --trace-warnings ...` to show where the warning was created)
(node:10602) [MONGOOSE] Warning: Duplicate schema index on {"lot1_surface_carrez_num":1} found. This is often due to declaring an index using both "index: true" and "schema.index()". Please remove the duplicate index definition.
(node:10602) [MONGODB DRIVER] Warning: useNewUrlParser is a deprecated option: useNewUrlParser has no effect since Node.js Driver version 4.0.0 and will be removed in the next major version
(node:10602) [MONGODB DRIVER] Warning: useUnifiedTopology is a deprecated option: useUnifiedTopology has no effect since Node.js Driver version 4.0.0 and will be removed in the next major version
Connected to DB
Starting full Paris import (radius 10km). This may take time.
Fetching page 1 (maxLength=1000)
No items returned on page 1 - import complete.
Import finished. Total processed: 0
Launching import partition: {"locations":[{"lat":50.59925,"lon":3.0272560000000004,"radius":3}],"minPrice":800001,"maxPrice":1000000}
(node:10605) [MONGOOSE] Warning: Duplicate schema index on {"land_value_num":1} found. This is often due to declaring an index using both "index: true" and "schema.index()". Please remove the duplicate index definition.
(Use `node --trace-warnings ...` to show where the warning was created)
(node:10605) [MONGOOSE] Warning: Duplicate schema index on {"lot1_surface_carrez_num":1} found. This is often due to declaring an index using both "index: true" and "schema.index()". Please remove the duplicate index definition.
(node:10605) [MONGODB DRIVER] Warning: useNewUrlParser is a deprecated option: useNewUrlParser has no effect since Node.js Driver version 4.0.0 and will be removed in the next major version
(node:10605) [MONGODB DRIVER] Warning: useUnifiedTopology is a deprecated option: useUnifiedTopology has no effect since Node.js Driver version 4.0.0 and will be removed in the next major version
Connected to DB
Starting full Paris import (radius 10km). This may take time.
Fetching page 1 (maxLength=1000)
No items returned on page 1 - import complete.
Import finished. Total processed: 0
Launching import partition: {"locations":[{"lat":50.59925,"lon":3.0272560000000004,"radius":3}],"minPrice":800001,"maxPrice":1000000}
(node:10608) [MONGOOSE] Warning: Duplicate schema index on {"land_value_num":1} found. This is often due to declaring an index using both "index: true" and "schema.index()". Please remove the duplicate index definition.
(Use `node --trace-warnings ...` to show where the warning was created)
(node:10608) [MONGOOSE] Warning: Duplicate schema index on {"lot1_surface_carrez_num":1} found. This is often due to declaring an index using both "index: true" and "schema.index()". Please remove the duplicate index definition.
(node:10608) [MONGODB DRIVER] Warning: useNewUrlParser is a deprecated option: useNewUrlParser has no effect since Node.js Driver version 4.0.0 and will be removed in the next major version
(node:10608) [MONGODB DRIVER] Warning: useUnifiedTopology is a deprecated option: useUnifiedTopology has no effect since Node.js Driver version 4.0.0 and will be removed in the next major version
Connected to DB
Starting full Paris import (radius 10km). This may take time.
Fetching page 1 (maxLength=1000)
No items returned on page 1 - import complete.
Import finished. Total processed: 0
Launching import partition: {"locations":[{"lat":50.59925,"lon":3.0272560000000004,"radius":3}],"minPrice":1000001,"maxPrice":5000000}
(node:10611) [MONGOOSE] Warning: Duplicate schema index on {"land_value_num":1} found. This is often due to declaring an index using both "index: true" and "schema.index()". Please remove the duplicate index definition.
(Use `node --trace-warnings ...` to show where the warning was created)
(node:10611) [MONGOOSE] Warning: Duplicate schema index on {"lot1_surface_carrez_num":1} found. This is often due to declaring an index using both "index: true" and "schema.index()". Please remove the duplicate index definition.
(node:10611) [MONGODB DRIVER] Warning: useNewUrlParser is a deprecated option: useNewUrlParser has no effect since Node.js Driver version 4.0.0 and will be removed in the next major version
(node:10611) [MONGODB DRIVER] Warning: useUnifiedTopology is a deprecated option: useUnifiedTopology has no effect since Node.js Driver version 4.0.0 and will be removed in the next major version
Connected to DB
Starting full Paris import (radius 10km). This may take time.
Fetching page 1 (maxLength=1000)
No items returned on page 1 - import complete.
Import finished. Total processed: 0
Launching import partition: {"locations":[{"lat":50.59925,"lon":3.0272560000000004,"radius":3}],"minPrice":1000001,"maxPrice":5000000}
(node:10614) [MONGOOSE] Warning: Duplicate schema index on {"land_value_num":1} found. This is often due to declaring an index using both "index: true" and "schema.index()". Please remove the duplicate index definition.
(Use `node --trace-warnings ...` to show where the warning was created)
(node:10614) [MONGOOSE] Warning: Duplicate schema index on {"lot1_surface_carrez_num":1} found. This is often due to declaring an index using both "index: true" and "schema.index()". Please remove the duplicate index definition.
(node:10614) [MONGODB DRIVER] Warning: useNewUrlParser is a deprecated option: useNewUrlParser has no effect since Node.js Driver version 4.0.0 and will be removed in the next major version
(node:10614) [MONGODB DRIVER] Warning: useUnifiedTopology is a deprecated option: useUnifiedTopology has no effect since Node.js Driver version 4.0.0 and will be removed in the next major version
Connected to DB
Starting full Paris import (radius 10km). This may take time.
Fetching page 1 (maxLength=1000)
No items returned on page 1 - import complete.
Import finished. Total processed: 0
Orchestration complete
